"Column Name","Label"
"GEO_ID","Geography"
"NAME","Geographic Area Name"
"S2504_C01_001E","Occupied housing units!!Estimate!!Occupied housing units"
"S2504_C01_001M","Occupied housing units!!Margin of Error!!Occupied housing units"
"S2504_C01_001MA","Annotation of Occupied housing units!!Margin of Error!!Occupied housing units"
"S2504_C01_001EA","Annotation of Occupied housing units!!Estimate!!Occupied housing units"
"S2504_C02_001E","Owner-occupied housing units!!Estimate!!Occupied housing units"
"S2504_C02_001EA","Annotation of Owner-occupied housing units!!Estimate!!Occupied housing units"
"S2504_C02_001M","Owner-occupied housing units!!Margin of Error!!Occupied housing units"
"S2504_C02_001MA","Annotation of Owner-occupied housing units!!Margin of Error!!Occupied housing units"
"S2504_C03_001E","Renter-occupied housing units!!Estimate!!Occupied housing units"
"S2504_C03_001EA","Annotation of Renter-occupied housing units!!Estimate!!Occupied housing units"
"S2504_C03_001M","Renter-occupied housing units!!Margin of Error!!Occupied housing units"
"S2504_C03_001MA","Annotation of Renter-occupied housing units!!Margin of Error!!Occupied housing units"
"S2504_C01_002E","Occupied housing units!!Estimate!!UNITS IN STRUCTURE!!1, detached"
"S2504_C01_002M","Occupied housing units!!Margin of Error!!UNITS IN STRUCTURE!!1, detached"
"S2504_C01_002MA","Annotation of Occupied housing units!!Margin of Error!!UNITS IN STRUCTURE!!1, detached"
"S2504_C01_002EA","Annotation of Occupied housing units!!Estimate!!UNITS IN STRUCTURE!!1, detached"
"S2504_C02_002E","Owner-occupied housing units!!Estimate!!UNITS IN STRUCTURE!!1, detached"
"S2504_C02_002EA","Annotation of Owner-occupied housing units!!Estimate!!UNITS IN STRUCTURE!!1, detached"
"S2504_C02_002M","Owner-occupied housing units!!Margin of Error!!UNITS IN STRUCTURE!!1, detached"
"S2504_C02_002MA","Annotation of Owner-occupied housing units!!Margin of Error!!UNITS IN STRUCTURE!!1, detached"
"S2504_C03_002E","Renter-occupied housing units!!Estimate!!UNITS IN STRUCTURE!!1, detached"
"S2504_C03_002M","Renter-occupied housing units!!Margin of Error!!UNITS IN STRUCTURE!!1, detached"
"S2504_C03_002MA","Annotation of Renter-occupied housing units!!Margin of Error!!UNITS IN STRUCTURE!!1, detached"
"S2504_C03_002EA","Annotation of Renter-occupied housing units!!Estimate!!UNITS IN STRUCTURE!!1, detached"
"S2504_C01_003E","Occupied housing units!!Estimate!!UNITS IN STRUCTURE!!1, attached"
"S2504_C01_003M","Occupied housing units!!Margin of Error!!UNITS IN STRUCTURE!!1, attached"
"S2504_C01_003MA","Annotation of Occupied housing units!!Margin of Error!!UNITS IN STRUCTURE!!1, attached"
"S2504_C01_003EA","Annotation of Occupied housing units!!Estimate!!UNITS IN STRUCTURE!!1, attached"
"S2504_C02_003E","Owner-occupied housing units!!Estimate!!UNITS IN STRUCTURE!!1, attached"
"S2504_C02_003EA","Annotation of Owner-occupied housing units!!Estimate!!UNITS IN STRUCTURE!!1, attached"
"S2504_C02_003M","Owner-occupied housing units!!Margin of Error!!UNITS IN STRUCTURE!!1, attached"
"S2504_C02_003MA","Annotation of Owner-occupied housing units!!Margin of Error!!UNITS IN STRUCTURE!!1, attached"
"S2504_C03_003E","Renter-occupied housing units!!Estimate!!UNITS IN STRUCTURE!!1, attached"
"S2504_C03_003M","Renter-occupied housing units!!Margin of Error!!UNITS IN STRUCTURE!!1, attached"
"S2504_C03_003MA","Annotation of Renter-occupied housing units!!Margin of Error!!UNITS IN STRUCTURE!!1, attached"
"S2504_C03_003EA","Annotation of Renter-occupied housing units!!Estimate!!UNITS IN STRUCTURE!!1, attached"
"S2504_C01_004E","Occupied housing units!!Estimate!!UNITS IN STRUCTURE!!2 apartments"
"S2504_C01_004M","Occupied housing units!!Margin of Error!!UNITS IN STRUCTURE!!2 apartments"
"S2504_C01_004MA","Annotation of Occupied housing units!!Margin of Error!!UNITS IN STRUCTURE!!2 apartments"
"S2504_C01_004EA","Annotation of Occupied housing units!!Estimate!!UNITS IN STRUCTURE!!2 apartments"
"S2504_C02_004E","Owner-occupied housing units!!Estimate!!UNITS IN STRUCTURE!!2 apartments"
"S2504_C02_004M","Owner-occupied housing units!!Margin of Error!!UNITS IN STRUCTURE!!2 apartments"
"S2504_C02_004MA","Annotation of Owner-occupied housing units!!Margin of Error!!UNITS IN STRUCTURE!!2 apartments"
"S2504_C02_004EA","Annotation of Owner-occupied housing units!!Estimate!!UNITS IN STRUCTURE!!2 apartments"
"S2504_C03_004E","Renter-occupied housing units!!Estimate!!UNITS IN STRUCTURE!!2 apartments"
"S2504_C03_004M","Renter-occupied housing units!!Margin of Error!!UNITS IN STRUCTURE!!2 apartments"
"S2504_C03_004MA","Annotation of Renter-occupied housing units!!Margin of Error!!UNITS IN STRUCTURE!!2 apartments"
"S2504_C03_004EA","Annotation of Renter-occupied housing units!!Estimate!!UNITS IN STRUCTURE!!2 apartments"
"S2504_C01_005E","Occupied housing units!!Estimate!!UNITS IN STRUCTURE!!3 or 4 apartments"
"S2504_C01_005EA","Annotation of Occupied housing units!!Estimate!!UNITS IN STRUCTURE!!3 or 4 apartments"
"S2504_C01_005M","Occupied housing units!!Margin of Error!!UNITS IN STRUCTURE!!3 or 4 apartments"
"S2504_C01_005MA","Annotation of Occupied housing units!!Margin of Error!!UNITS IN STRUCTURE!!3 or 4 apartments"
"S2504_C02_005E","Owner-occupied housing units!!Estimate!!UNITS IN STRUCTURE!!3 or 4 apartments"
"S2504_C02_005EA","Annotation of Owner-occupied housing units!!Estimate!!UNITS IN STRUCTURE!!3 or 4 apartments"
"S2504_C02_005M","Owner-occupied housing units!!Margin of Error!!UNITS IN STRUCTURE!!3 or 4 apartments"
"S2504_C02_005MA","Annotation of Owner-occupied housing units!!Margin of Error!!UNITS IN STRUCTURE!!3 or 4 apartments"
"S2504_C03_005E","Renter-occupied housing units!!Estimate!!UNITS IN STRUCTURE!!3 or 4 apartments"
"S2504_C03_005M","Renter-occupied housing units!!Margin of Error!!UNITS IN STRUCTURE!!3 or 4 apartments"
"S2504_C03_005MA","Annotation of Renter-occupied housing units!!Margin of Error!!UNITS IN STRUCTURE!!3 or 4 apartments"
"S2504_C03_005EA","Annotation of Renter-occupied housing units!!Estimate!!UNITS IN STRUCTURE!!3 or 4 apartments"
"S2504_C01_006E","Occupied housing units!!Estimate!!UNITS IN STRUCTURE!!5 to 9 apartments"
"S2504_C01_006EA","Annotation of Occupied housing units!!Estimate!!UNITS IN STRUCTURE!!5 to 9 apartments"
"S2504_C01_006M","Occupied housing units!!Margin of Error!!UNITS IN STRUCTURE!!5 to 9 apartments"
"S2504_C01_006MA","Annotation of Occupied housing units!!Margin of Error!!UNITS IN STRUCTURE!!5 to 9 apartments"
"S2504_C02_006E","Owner-occupied housing units!!Estimate!!UNITS IN STRUCTURE!!5 to 9 apartments"
"S2504_C02_006EA","Annotation of Owner-occupied housing units!!Estimate!!UNITS IN STRUCTURE!!5 to 9 apartments"
"S2504_C02_006M","Owner-occupied housing units!!Margin of Error!!UNITS IN STRUCTURE!!5 to 9 apartments"
"S2504_C02_006MA","Annotation of Owner-occupied housing units!!Margin of Error!!UNITS IN STRUCTURE!!5 to 9 apartments"
"S2504_C03_006E","Renter-occupied housing units!!Estimate!!UNITS IN STRUCTURE!!5 to 9 apartments"
"S2504_C03_006EA","Annotation of Renter-occupied housing units!!Estimate!!UNITS IN STRUCTURE!!5 to 9 apartments"
"S2504_C03_006M","Renter-occupied housing units!!Margin of Error!!UNITS IN STRUCTURE!!5 to 9 apartments"
"S2504_C03_006MA","Annotation of Renter-occupied housing units!!Margin of Error!!UNITS IN STRUCTURE!!5 to 9 apartments"
"S2504_C01_007E","Occupied housing units!!Estimate!!UNITS IN STRUCTURE!!10 or more apartments"
"S2504_C01_007M","Occupied housing units!!Margin of Error!!UNITS IN STRUCTURE!!10 or more apartments"
"S2504_C01_007MA","Annotation of Occupied housing units!!Margin of Error!!UNITS IN STRUCTURE!!10 or more apartments"
"S2504_C01_007EA","Annotation of Occupied housing units!!Estimate!!UNITS IN STRUCTURE!!10 or more apartments"
"S2504_C02_007E","Owner-occupied housing units!!Estimate!!UNITS IN STRUCTURE!!10 or more apartments"
"S2504_C02_007M","Owner-occupied housing units!!Margin of Error!!UNITS IN STRUCTURE!!10 or more apartments"
"S2504_C02_007MA","Annotation of Owner-occupied housing units!!Margin of Error!!UNITS IN STRUCTURE!!10 or more apartments"
"S2504_C02_007EA","Annotation of Owner-occupied housing units!!Estimate!!UNITS IN STRUCTURE!!10 or more apartments"
"S2504_C03_007E","Renter-occupied housing units!!Estimate!!UNITS IN STRUCTURE!!10 or more apartments"
"S2504_C03_007EA","Annotation of Renter-occupied housing units!!Estimate!!UNITS IN STRUCTURE!!10 or more apartments"
"S2504_C03_007M","Renter-occupied housing units!!Margin of Error!!UNITS IN STRUCTURE!!10 or more apartments"
"S2504_C03_007MA","Annotation of Renter-occupied housing units!!Margin of Error!!UNITS IN STRUCTURE!!10 or more apartments"
"S2504_C01_008E","Occupied housing units!!Estimate!!UNITS IN STRUCTURE!!Mobile home or other type of housing"
"S2504_C01_008M","Occupied housing units!!Margin of Error!!UNITS IN STRUCTURE!!Mobile home or other type of housing"
"S2504_C01_008MA","Annotation of Occupied housing units!!Margin of Error!!UNITS IN STRUCTURE!!Mobile home or other type of housing"
"S2504_C01_008EA","Annotation of Occupied housing units!!Estimate!!UNITS IN STRUCTURE!!Mobile home or other type of housing"
"S2504_C02_008E","Owner-occupied housing units!!Estimate!!UNITS IN STRUCTURE!!Mobile home or other type of housing"
"S2504_C02_008EA","Annotation of Owner-occupied housing units!!Estimate!!UNITS IN STRUCTURE!!Mobile home or other type of housing"
"S2504_C02_008M","Owner-occupied housing units!!Margin of Error!!UNITS IN STRUCTURE!!Mobile home or other type of housing"
"S2504_C02_008MA","Annotation of Owner-occupied housing units!!Margin of Error!!UNITS IN STRUCTURE!!Mobile home or other type of housing"
"S2504_C03_008E","Renter-occupied housing units!!Estimate!!UNITS IN STRUCTURE!!Mobile home or other type of housing"
"S2504_C03_008M","Renter-occupied housing units!!Margin of Error!!UNITS IN STRUCTURE!!Mobile home or other type of housing"
"S2504_C03_008MA","Annotation of Renter-occupied housing units!!Margin of Error!!UNITS IN STRUCTURE!!Mobile home or other type of housing"
"S2504_C03_008EA","Annotation of Renter-occupied housing units!!Estimate!!UNITS IN STRUCTURE!!Mobile home or other type of housing"
"S2504_C01_009E","Occupied housing units!!Estimate!!YEAR STRUCTURE BUILT!!2014 or later"
"S2504_C01_009M","Occupied housing units!!Margin of Error!!YEAR STRUCTURE BUILT!!2014 or later"
"S2504_C01_009MA","Annotation of Occupied housing units!!Margin of Error!!YEAR STRUCTURE BUILT!!2014 or later"
"S2504_C01_009EA","Annotation of Occupied housing units!!Estimate!!YEAR STRUCTURE BUILT!!2014 or later"
"S2504_C02_009E","Owner-occupied housing units!!Estimate!!YEAR STRUCTURE BUILT!!2014 or later"
"S2504_C02_009M","Owner-occupied housing units!!Margin of Error!!YEAR STRUCTURE BUILT!!2014 or later"
"S2504_C02_009MA","Annotation of Owner-occupied housing units!!Margin of Error!!YEAR STRUCTURE BUILT!!2014 or later"
"S2504_C02_009EA","Annotation of Owner-occupied housing units!!Estimate!!YEAR STRUCTURE BUILT!!2014 or later"
"S2504_C03_009E","Renter-occupied housing units!!Estimate!!YEAR STRUCTURE BUILT!!2014 or later"
"S2504_C03_009M","Renter-occupied housing units!!Margin of Error!!YEAR STRUCTURE BUILT!!2014 or later"
"S2504_C03_009MA","Annotation of Renter-occupied housing units!!Margin of Error!!YEAR STRUCTURE BUILT!!2014 or later"
"S2504_C03_009EA","Annotation of Renter-occupied housing units!!Estimate!!YEAR STRUCTURE BUILT!!2014 or later"
"S2504_C01_010E","Occupied housing units!!Estimate!!YEAR STRUCTURE BUILT!!2010 to 2013"
"S2504_C01_010EA","Annotation of Occupied housing units!!Estimate!!YEAR STRUCTURE BUILT!!2010 to 2013"
"S2504_C01_010M","Occupied housing units!!Margin of Error!!YEAR STRUCTURE BUILT!!2010 to 2013"
"S2504_C01_010MA","Annotation of Occupied housing units!!Margin of Error!!YEAR STRUCTURE BUILT!!2010 to 2013"
"S2504_C02_010E","Owner-occupied housing units!!Estimate!!YEAR STRUCTURE BUILT!!2010 to 2013"
"S2504_C02_010M","Owner-occupied housing units!!Margin of Error!!YEAR STRUCTURE BUILT!!2010 to 2013"
"S2504_C02_010MA","Annotation of Owner-occupied housing units!!Margin of Error!!YEAR STRUCTURE BUILT!!2010 to 2013"
"S2504_C02_010EA","Annotation of Owner-occupied housing units!!Estimate!!YEAR STRUCTURE BUILT!!2010 to 2013"
"S2504_C03_010E","Renter-occupied housing units!!Estimate!!YEAR STRUCTURE BUILT!!2010 to 2013"
"S2504_C03_010M","Renter-occupied housing units!!Margin of Error!!YEAR STRUCTURE BUILT!!2010 to 2013"
"S2504_C03_010MA","Annotation of Renter-occupied housing units!!Margin of Error!!YEAR STRUCTURE BUILT!!2010 to 2013"
"S2504_C03_010EA","Annotation of Renter-occupied housing units!!Estimate!!YEAR STRUCTURE BUILT!!2010 to 2013"
"S2504_C01_011E","Occupied housing units!!Estimate!!YEAR STRUCTURE BUILT!!2000 to 2009"
"S2504_C01_011EA","Annotation of Occupied housing units!!Estimate!!YEAR STRUCTURE BUILT!!2000 to 2009"
"S2504_C01_011M","Occupied housing units!!Margin of Error!!YEAR STRUCTURE BUILT!!2000 to 2009"
"S2504_C01_011MA","Annotation of Occupied housing units!!Margin of Error!!YEAR STRUCTURE BUILT!!2000 to 2009"
"S2504_C02_011E","Owner-occupied housing units!!Estimate!!YEAR STRUCTURE BUILT!!2000 to 2009"
"S2504_C02_011EA","Annotation of Owner-occupied housing units!!Estimate!!YEAR STRUCTURE BUILT!!2000 to 2009"
"S2504_C02_011M","Owner-occupied housing units!!Margin of Error!!YEAR STRUCTURE BUILT!!2000 to 2009"
"S2504_C02_011MA","Annotation of Owner-occupied housing units!!Margin of Error!!YEAR STRUCTURE BUILT!!2000 to 2009"
"S2504_C03_011E","Renter-occupied housing units!!Estimate!!YEAR STRUCTURE BUILT!!2000 to 2009"
"S2504_C03_011EA","Annotation of Renter-occupied housing units!!Estimate!!YEAR STRUCTURE BUILT!!2000 to 2009"
"S2504_C03_011M","Renter-occupied housing units!!Margin of Error!!YEAR STRUCTURE BUILT!!2000 to 2009"
"S2504_C03_011MA","Annotation of Renter-occupied housing units!!Margin of Error!!YEAR STRUCTURE BUILT!!2000 to 2009"
"S2504_C01_012E","Occupied housing units!!Estimate!!YEAR STRUCTURE BUILT!!1980 to 1999"
"S2504_C01_012M","Occupied housing units!!Margin of Error!!YEAR STRUCTURE BUILT!!1980 to 1999"
"S2504_C01_012MA","Annotation of Occupied housing units!!Margin of Error!!YEAR STRUCTURE BUILT!!1980 to 1999"
"S2504_C01_012EA","Annotation of Occupied housing units!!Estimate!!YEAR STRUCTURE BUILT!!1980 to 1999"
"S2504_C02_012E","Owner-occupied housing units!!Estimate!!YEAR STRUCTURE BUILT!!1980 to 1999"
"S2504_C02_012EA","Annotation of Owner-occupied housing units!!Estimate!!YEAR STRUCTURE BUILT!!1980 to 1999"
"S2504_C02_012M","Owner-occupied housing units!!Margin of Error!!YEAR STRUCTURE BUILT!!1980 to 1999"
"S2504_C02_012MA","Annotation of Owner-occupied housing units!!Margin of Error!!YEAR STRUCTURE BUILT!!1980 to 1999"
"S2504_C03_012E","Renter-occupied housing units!!Estimate!!YEAR STRUCTURE BUILT!!1980 to 1999"
"S2504_C03_012EA","Annotation of Renter-occupied housing units!!Estimate!!YEAR STRUCTURE BUILT!!1980 to 1999"
"S2504_C03_012M","Renter-occupied housing units!!Margin of Error!!YEAR STRUCTURE BUILT!!1980 to 1999"
"S2504_C03_012MA","Annotation of Renter-occupied housing units!!Margin of Error!!YEAR STRUCTURE BUILT!!1980 to 1999"
"S2504_C01_013E","Occupied housing units!!Estimate!!YEAR STRUCTURE BUILT!!1960 to 1979"
"S2504_C01_013M","Occupied housing units!!Margin of Error!!YEAR STRUCTURE BUILT!!1960 to 1979"
"S2504_C01_013MA","Annotation of Occupied housing units!!Margin of Error!!YEAR STRUCTURE BUILT!!1960 to 1979"
"S2504_C01_013EA","Annotation of Occupied housing units!!Estimate!!YEAR STRUCTURE BUILT!!1960 to 1979"
"S2504_C02_013E","Owner-occupied housing units!!Estimate!!YEAR STRUCTURE BUILT!!1960 to 1979"
"S2504_C02_013EA","Annotation of Owner-occupied housing units!!Estimate!!YEAR STRUCTURE BUILT!!1960 to 1979"
"S2504_C02_013M","Owner-occupied housing units!!Margin of Error!!YEAR STRUCTURE BUILT!!1960 to 1979"
"S2504_C02_013MA","Annotation of Owner-occupied housing units!!Margin of Error!!YEAR STRUCTURE BUILT!!1960 to 1979"
"S2504_C03_013E","Renter-occupied housing units!!Estimate!!YEAR STRUCTURE BUILT!!1960 to 1979"
"S2504_C03_013EA","Annotation of Renter-occupied housing units!!Estimate!!YEAR STRUCTURE BUILT!!1960 to 1979"
"S2504_C03_013M","Renter-occupied housing units!!Margin of Error!!YEAR STRUCTURE BUILT!!1960 to 1979"
"S2504_C03_013MA","Annotation of Renter-occupied housing units!!Margin of Error!!YEAR STRUCTURE BUILT!!1960 to 1979"
"S2504_C01_014E","Occupied housing units!!Estimate!!YEAR STRUCTURE BUILT!!1940 to 1959"
"S2504_C01_014M","Occupied housing units!!Margin of Error!!YEAR STRUCTURE BUILT!!1940 to 1959"
"S2504_C01_014MA","Annotation of Occupied housing units!!Margin of Error!!YEAR STRUCTURE BUILT!!1940 to 1959"
"S2504_C01_014EA","Annotation of Occupied housing units!!Estimate!!YEAR STRUCTURE BUILT!!1940 to 1959"
"S2504_C02_014E","Owner-occupied housing units!!Estimate!!YEAR STRUCTURE BUILT!!1940 to 1959"
"S2504_C02_014M","Owner-occupied housing units!!Margin of Error!!YEAR STRUCTURE BUILT!!1940 to 1959"
"S2504_C02_014MA","Annotation of Owner-occupied housing units!!Margin of Error!!YEAR STRUCTURE BUILT!!1940 to 1959"
"S2504_C02_014EA","Annotation of Owner-occupied housing units!!Estimate!!YEAR STRUCTURE BUILT!!1940 to 1959"
"S2504_C03_014E","Renter-occupied housing units!!Estimate!!YEAR STRUCTURE BUILT!!1940 to 1959"
"S2504_C03_014EA","Annotation of Renter-occupied housing units!!Estimate!!YEAR STRUCTURE BUILT!!1940 to 1959"
"S2504_C03_014M","Renter-occupied housing units!!Margin of Error!!YEAR STRUCTURE BUILT!!1940 to 1959"
"S2504_C03_014MA","Annotation of Renter-occupied housing units!!Margin of Error!!YEAR STRUCTURE BUILT!!1940 to 1959"
"S2504_C01_015E","Occupied housing units!!Estimate!!YEAR STRUCTURE BUILT!!1939 or earlier"
"S2504_C01_015M","Occupied housing units!!Margin of Error!!YEAR STRUCTURE BUILT!!1939 or earlier"
"S2504_C01_015MA","Annotation of Occupied housing units!!Margin of Error!!YEAR STRUCTURE BUILT!!1939 or earlier"
"S2504_C01_015EA","Annotation of Occupied housing units!!Estimate!!YEAR STRUCTURE BUILT!!1939 or earlier"
"S2504_C02_015E","Owner-occupied housing units!!Estimate!!YEAR STRUCTURE BUILT!!1939 or earlier"
"S2504_C02_015M","Owner-occupied housing units!!Margin of Error!!YEAR STRUCTURE BUILT!!1939 or earlier"
"S2504_C02_015MA","Annotation of Owner-occupied housing units!!Margin of Error!!YEAR STRUCTURE BUILT!!1939 or earlier"
"S2504_C02_015EA","Annotation of Owner-occupied housing units!!Estimate!!YEAR STRUCTURE BUILT!!1939 or earlier"
"S2504_C03_015E","Renter-occupied housing units!!Estimate!!YEAR STRUCTURE BUILT!!1939 or earlier"
"S2504_C03_015M","Renter-occupied housing units!!Margin of Error!!YEAR STRUCTURE BUILT!!1939 or earlier"
"S2504_C03_015MA","Annotation of Renter-occupied housing units!!Margin of Error!!YEAR STRUCTURE BUILT!!1939 or earlier"
"S2504_C03_015EA","Annotation of Renter-occupied housing units!!Estimate!!YEAR STRUCTURE BUILT!!1939 or earlier"
"S2504_C01_016E","Occupied housing units!!Estimate!!ROOMS!!1 room"
"S2504_C01_016EA","Annotation of Occupied housing units!!Estimate!!ROOMS!!1 room"
"S2504_C01_016M","Occupied housing units!!Margin of Error!!ROOMS!!1 room"
"S2504_C01_016MA","Annotation of Occupied housing units!!Margin of Error!!ROOMS!!1 room"
"S2504_C02_016E","Owner-occupied housing units!!Estimate!!ROOMS!!1 room"
"S2504_C02_016EA","Annotation of Owner-occupied housing units!!Estimate!!ROOMS!!1 room"
"S2504_C02_016M","Owner-occupied housing units!!Margin of Error!!ROOMS!!1 room"
"S2504_C02_016MA","Annotation of Owner-occupied housing units!!Margin of Error!!ROOMS!!1 room"
"S2504_C03_016E","Renter-occupied housing units!!Estimate!!ROOMS!!1 room"
"S2504_C03_016M","Renter-occupied housing units!!Margin of Error!!ROOMS!!1 room"
"S2504_C03_016MA","Annotation of Renter-occupied housing units!!Margin of Error!!ROOMS!!1 room"
"S2504_C03_016EA","Annotation of Renter-occupied housing units!!Estimate!!ROOMS!!1 room"
"S2504_C01_017E","Occupied housing units!!Estimate!!ROOMS!!2 or 3 rooms"
"S2504_C01_017EA","Annotation of Occupied housing units!!Estimate!!ROOMS!!2 or 3 rooms"
"S2504_C01_017M","Occupied housing units!!Margin of Error!!ROOMS!!2 or 3 rooms"
"S2504_C01_017MA","Annotation of Occupied housing units!!Margin of Error!!ROOMS!!2 or 3 rooms"
"S2504_C02_017E","Owner-occupied housing units!!Estimate!!ROOMS!!2 or 3 rooms"
"S2504_C02_017EA","Annotation of Owner-occupied housing units!!Estimate!!ROOMS!!2 or 3 rooms"
"S2504_C02_017M","Owner-occupied housing units!!Margin of Error!!ROOMS!!2 or 3 rooms"
"S2504_C02_017MA","Annotation of Owner-occupied housing units!!Margin of Error!!ROOMS!!2 or 3 rooms"
"S2504_C03_017E","Renter-occupied housing units!!Estimate!!ROOMS!!2 or 3 rooms"
"S2504_C03_017EA","Annotation of Renter-occupied housing units!!Estimate!!ROOMS!!2 or 3 rooms"
"S2504_C03_017M","Renter-occupied housing units!!Margin of Error!!ROOMS!!2 or 3 rooms"
"S2504_C03_017MA","Annotation of Renter-occupied housing units!!Margin of Error!!ROOMS!!2 or 3 rooms"
"S2504_C01_018E","Occupied housing units!!Estimate!!ROOMS!!4 or 5 rooms"
"S2504_C01_018M","Occupied housing units!!Margin of Error!!ROOMS!!4 or 5 rooms"
"S2504_C01_018MA","Annotation of Occupied housing units!!Margin of Error!!ROOMS!!4 or 5 rooms"
"S2504_C01_018EA","Annotation of Occupied housing units!!Estimate!!ROOMS!!4 or 5 rooms"
"S2504_C02_018E","Owner-occupied housing units!!Estimate!!ROOMS!!4 or 5 rooms"
"S2504_C02_018EA","Annotation of Owner-occupied housing units!!Estimate!!ROOMS!!4 or 5 rooms"
"S2504_C02_018M","Owner-occupied housing units!!Margin of Error!!ROOMS!!4 or 5 rooms"
"S2504_C02_018MA","Annotation of Owner-occupied housing units!!Margin of Error!!ROOMS!!4 or 5 rooms"
"S2504_C03_018E","Renter-occupied housing units!!Estimate!!ROOMS!!4 or 5 rooms"
"S2504_C03_018EA","Annotation of Renter-occupied housing units!!Estimate!!ROOMS!!4 or 5 rooms"
"S2504_C03_018M","Renter-occupied housing units!!Margin of Error!!ROOMS!!4 or 5 rooms"
"S2504_C03_018MA","Annotation of Renter-occupied housing units!!Margin of Error!!ROOMS!!4 or 5 rooms"
"S2504_C01_019E","Occupied housing units!!Estimate!!ROOMS!!6 or 7 rooms"
"S2504_C01_019M","Occupied housing units!!Margin of Error!!ROOMS!!6 or 7 rooms"
"S2504_C01_019MA","Annotation of Occupied housing units!!Margin of Error!!ROOMS!!6 or 7 rooms"
"S2504_C01_019EA","Annotation of Occupied housing units!!Estimate!!ROOMS!!6 or 7 rooms"
"S2504_C02_019E","Owner-occupied housing units!!Estimate!!ROOMS!!6 or 7 rooms"
"S2504_C02_019M","Owner-occupied housing units!!Margin of Error!!ROOMS!!6 or 7 rooms"
"S2504_C02_019MA","Annotation of Owner-occupied housing units!!Margin of Error!!ROOMS!!6 or 7 rooms"
"S2504_C02_019EA","Annotation of Owner-occupied housing units!!Estimate!!ROOMS!!6 or 7 rooms"
"S2504_C03_019E","Renter-occupied housing units!!Estimate!!ROOMS!!6 or 7 rooms"
"S2504_C03_019EA","Annotation of Renter-occupied housing units!!Estimate!!ROOMS!!6 or 7 rooms"
"S2504_C03_019M","Renter-occupied housing units!!Margin of Error!!ROOMS!!6 or 7 rooms"
"S2504_C03_019MA","Annotation of Renter-occupied housing units!!Margin of Error!!ROOMS!!6 or 7 rooms"
"S2504_C01_020E","Occupied housing units!!Estimate!!ROOMS!!8 or more rooms"
"S2504_C01_020M","Occupied housing units!!Margin of Error!!ROOMS!!8 or more rooms"
"S2504_C01_020MA","Annotation of Occupied housing units!!Margin of Error!!ROOMS!!8 or more rooms"
"S2504_C01_020EA","Annotation of Occupied housing units!!Estimate!!ROOMS!!8 or more rooms"
"S2504_C02_020E","Owner-occupied housing units!!Estimate!!ROOMS!!8 or more rooms"
"S2504_C02_020M","Owner-occupied housing units!!Margin of Error!!ROOMS!!8 or more rooms"
"S2504_C02_020MA","Annotation of Owner-occupied housing units!!Margin of Error!!ROOMS!!8 or more rooms"
"S2504_C02_020EA","Annotation of Owner-occupied housing units!!Estimate!!ROOMS!!8 or more rooms"
"S2504_C03_020E","Renter-occupied housing units!!Estimate!!ROOMS!!8 or more rooms"
"S2504_C03_020EA","Annotation of Renter-occupied housing units!!Estimate!!ROOMS!!8 or more rooms"
"S2504_C03_020M","Renter-occupied housing units!!Margin of Error!!ROOMS!!8 or more rooms"
"S2504_C03_020MA","Annotation of Renter-occupied housing units!!Margin of Error!!ROOMS!!8 or more rooms"
"S2504_C01_021E","Occupied housing units!!Estimate!!BEDROOMS!!No bedroom"
"S2504_C01_021EA","Annotation of Occupied housing units!!Estimate!!BEDROOMS!!No bedroom"
"S2504_C01_021M","Occupied housing units!!Margin of Error!!BEDROOMS!!No bedroom"
"S2504_C01_021MA","Annotation of Occupied housing units!!Margin of Error!!BEDROOMS!!No bedroom"
"S2504_C02_021E","Owner-occupied housing units!!Estimate!!BEDROOMS!!No bedroom"
"S2504_C02_021M","Owner-occupied housing units!!Margin of Error!!BEDROOMS!!No bedroom"
"S2504_C02_021MA","Annotation of Owner-occupied housing units!!Margin of Error!!BEDROOMS!!No bedroom"
"S2504_C02_021EA","Annotation of Owner-occupied housing units!!Estimate!!BEDROOMS!!No bedroom"
"S2504_C03_021E","Renter-occupied housing units!!Estimate!!BEDROOMS!!No bedroom"
"S2504_C03_021M","Renter-occupied housing units!!Margin of Error!!BEDROOMS!!No bedroom"
"S2504_C03_021MA","Annotation of Renter-occupied housing units!!Margin of Error!!BEDROOMS!!No bedroom"
"S2504_C03_021EA","Annotation of Renter-occupied housing units!!Estimate!!BEDROOMS!!No bedroom"
"S2504_C01_022E","Occupied housing units!!Estimate!!BEDROOMS!!1 bedroom"
"S2504_C01_022EA","Annotation of Occupied housing units!!Estimate!!BEDROOMS!!1 bedroom"
"S2504_C01_022M","Occupied housing units!!Margin of Error!!BEDROOMS!!1 bedroom"
"S2504_C01_022MA","Annotation of Occupied housing units!!Margin of Error!!BEDROOMS!!1 bedroom"
"S2504_C02_022E","Owner-occupied housing units!!Estimate!!BEDROOMS!!1 bedroom"
"S2504_C02_022EA","Annotation of Owner-occupied housing units!!Estimate!!BEDROOMS!!1 bedroom"
"S2504_C02_022M","Owner-occupied housing units!!Margin of Error!!BEDROOMS!!1 bedroom"
"S2504_C02_022MA","Annotation of Owner-occupied housing units!!Margin of Error!!BEDROOMS!!1 bedroom"
"S2504_C03_022E","Renter-occupied housing units!!Estimate!!BEDROOMS!!1 bedroom"
"S2504_C03_022EA","Annotation of Renter-occupied housing units!!Estimate!!BEDROOMS!!1 bedroom"
"S2504_C03_022M","Renter-occupied housing units!!Margin of Error!!BEDROOMS!!1 bedroom"
"S2504_C03_022MA","Annotation of Renter-occupied housing units!!Margin of Error!!BEDROOMS!!1 bedroom"
"S2504_C01_023E","Occupied housing units!!Estimate!!BEDROOMS!!2 or 3 bedrooms"
"S2504_C01_023M","Occupied housing units!!Margin of Error!!BEDROOMS!!2 or 3 bedrooms"
"S2504_C01_023MA","Annotation of Occupied housing units!!Margin of Error!!BEDROOMS!!2 or 3 bedrooms"
"S2504_C01_023EA","Annotation of Occupied housing units!!Estimate!!BEDROOMS!!2 or 3 bedrooms"
"S2504_C02_023E","Owner-occupied housing units!!Estimate!!BEDROOMS!!2 or 3 bedrooms"
"S2504_C02_023EA","Annotation of Owner-occupied housing units!!Estimate!!BEDROOMS!!2 or 3 bedrooms"
"S2504_C02_023M","Owner-occupied housing units!!Margin of Error!!BEDROOMS!!2 or 3 bedrooms"
"S2504_C02_023MA","Annotation of Owner-occupied housing units!!Margin of Error!!BEDROOMS!!2 or 3 bedrooms"
"S2504_C03_023E","Renter-occupied housing units!!Estimate!!BEDROOMS!!2 or 3 bedrooms"
"S2504_C03_023EA","Annotation of Renter-occupied housing units!!Estimate!!BEDROOMS!!2 or 3 bedrooms"
"S2504_C03_023M","Renter-occupied housing units!!Margin of Error!!BEDROOMS!!2 or 3 bedrooms"
"S2504_C03_023MA","Annotation of Renter-occupied housing units!!Margin of Error!!BEDROOMS!!2 or 3 bedrooms"
"S2504_C01_024E","Occupied housing units!!Estimate!!BEDROOMS!!4 or more bedrooms"
"S2504_C01_024M","Occupied housing units!!Margin of Error!!BEDROOMS!!4 or more bedrooms"
"S2504_C01_024MA","Annotation of Occupied housing units!!Margin of Error!!BEDROOMS!!4 or more bedrooms"
"S2504_C01_024EA","Annotation of Occupied housing units!!Estimate!!BEDROOMS!!4 or more bedrooms"
"S2504_C02_024E","Owner-occupied housing units!!Estimate!!BEDROOMS!!4 or more bedrooms"
"S2504_C02_024M","Owner-occupied housing units!!Margin of Error!!BEDROOMS!!4 or more bedrooms"
"S2504_C02_024MA","Annotation of Owner-occupied housing units!!Margin of Error!!BEDROOMS!!4 or more bedrooms"
"S2504_C02_024EA","Annotation of Owner-occupied housing units!!Estimate!!BEDROOMS!!4 or more bedrooms"
"S2504_C03_024E","Renter-occupied housing units!!Estimate!!BEDROOMS!!4 or more bedrooms"
"S2504_C03_024M","Renter-occupied housing units!!Margin of Error!!BEDROOMS!!4 or more bedrooms"
"S2504_C03_024MA","Annotation of Renter-occupied housing units!!Margin of Error!!BEDROOMS!!4 or more bedrooms"
"S2504_C03_024EA","Annotation of Renter-occupied housing units!!Estimate!!BEDROOMS!!4 or more bedrooms"
"S2504_C01_025E","Occupied housing units!!Estimate!!COMPLETE FACILITIES!!With complete plumbing facilities"
"S2504_C01_025M","Occupied housing units!!Margin of Error!!COMPLETE FACILITIES!!With complete plumbing facilities"
"S2504_C01_025MA","Annotation of Occupied housing units!!Margin of Error!!COMPLETE FACILITIES!!With complete plumbing facilities"
"S2504_C01_025EA","Annotation of Occupied housing units!!Estimate!!COMPLETE FACILITIES!!With complete plumbing facilities"
"S2504_C02_025E","Owner-occupied housing units!!Estimate!!COMPLETE FACILITIES!!With complete plumbing facilities"
"S2504_C02_025M","Owner-occupied housing units!!Margin of Error!!COMPLETE FACILITIES!!With complete plumbing facilities"
"S2504_C02_025MA","Annotation of Owner-occupied housing units!!Margin of Error!!COMPLETE FACILITIES!!With complete plumbing facilities"
"S2504_C02_025EA","Annotation of Owner-occupied housing units!!Estimate!!COMPLETE FACILITIES!!With complete plumbing facilities"
"S2504_C03_025E","Renter-occupied housing units!!Estimate!!COMPLETE FACILITIES!!With complete plumbing facilities"
"S2504_C03_025EA","Annotation of Renter-occupied housing units!!Estimate!!COMPLETE FACILITIES!!With complete plumbing facilities"
"S2504_C03_025M","Renter-occupied housing units!!Margin of Error!!COMPLETE FACILITIES!!With complete plumbing facilities"
"S2504_C03_025MA","Annotation of Renter-occupied housing units!!Margin of Error!!COMPLETE FACILITIES!!With complete plumbing facilities"
"S2504_C01_026E","Occupied housing units!!Estimate!!COMPLETE FACILITIES!!With complete kitchen facilities"
"S2504_C01_026M","Occupied housing units!!Margin of Error!!COMPLETE FACILITIES!!With complete kitchen facilities"
"S2504_C01_026MA","Annotation of Occupied housing units!!Margin of Error!!COMPLETE FACILITIES!!With complete kitchen facilities"
"S2504_C01_026EA","Annotation of Occupied housing units!!Estimate!!COMPLETE FACILITIES!!With complete kitchen facilities"
"S2504_C02_026E","Owner-occupied housing units!!Estimate!!COMPLETE FACILITIES!!With complete kitchen facilities"
"S2504_C02_026M","Owner-occupied housing units!!Margin of Error!!COMPLETE FACILITIES!!With complete kitchen facilities"
"S2504_C02_026MA","Annotation of Owner-occupied housing units!!Margin of Error!!COMPLETE FACILITIES!!With complete kitchen facilities"
"S2504_C02_026EA","Annotation of Owner-occupied housing units!!Estimate!!COMPLETE FACILITIES!!With complete kitchen facilities"
"S2504_C03_026E","Renter-occupied housing units!!Estimate!!COMPLETE FACILITIES!!With complete kitchen facilities"
"S2504_C03_026M","Renter-occupied housing units!!Margin of Error!!COMPLETE FACILITIES!!With complete kitchen facilities"
"S2504_C03_026MA","Annotation of Renter-occupied housing units!!Margin of Error!!COMPLETE FACILITIES!!With complete kitchen facilities"
"S2504_C03_026EA","Annotation of Renter-occupied housing units!!Estimate!!COMPLETE FACILITIES!!With complete kitchen facilities"
"S2504_C01_027E","Occupied housing units!!Estimate!!VEHICLES AVAILABLE!!No vehicle available"
"S2504_C01_027EA","Annotation of Occupied housing units!!Estimate!!VEHICLES AVAILABLE!!No vehicle available"
"S2504_C01_027M","Occupied housing units!!Margin of Error!!VEHICLES AVAILABLE!!No vehicle available"
"S2504_C01_027MA","Annotation of Occupied housing units!!Margin of Error!!VEHICLES AVAILABLE!!No vehicle available"
"S2504_C02_027E","Owner-occupied housing units!!Estimate!!VEHICLES AVAILABLE!!No vehicle available"
"S2504_C02_027EA","Annotation of Owner-occupied housing units!!Estimate!!VEHICLES AVAILABLE!!No vehicle available"
"S2504_C02_027M","Owner-occupied housing units!!Margin of Error!!VEHICLES AVAILABLE!!No vehicle available"
"S2504_C02_027MA","Annotation of Owner-occupied housing units!!Margin of Error!!VEHICLES AVAILABLE!!No vehicle available"
"S2504_C03_027E","Renter-occupied housing units!!Estimate!!VEHICLES AVAILABLE!!No vehicle available"
"S2504_C03_027M","Renter-occupied housing units!!Margin of Error!!VEHICLES AVAILABLE!!No vehicle available"
"S2504_C03_027MA","Annotation of Renter-occupied housing units!!Margin of Error!!VEHICLES AVAILABLE!!No vehicle available"
"S2504_C03_027EA","Annotation of Renter-occupied housing units!!Estimate!!VEHICLES AVAILABLE!!No vehicle available"
"S2504_C01_028E","Occupied housing units!!Estimate!!VEHICLES AVAILABLE!!1 vehicle available"
"S2504_C01_028EA","Annotation of Occupied housing units!!Estimate!!VEHICLES AVAILABLE!!1 vehicle available"
"S2504_C01_028M","Occupied housing units!!Margin of Error!!VEHICLES AVAILABLE!!1 vehicle available"
"S2504_C01_028MA","Annotation of Occupied housing units!!Margin of Error!!VEHICLES AVAILABLE!!1 vehicle available"
"S2504_C02_028E","Owner-occupied housing units!!Estimate!!VEHICLES AVAILABLE!!1 vehicle available"
"S2504_C02_028EA","Annotation of Owner-occupied housing units!!Estimate!!VEHICLES AVAILABLE!!1 vehicle available"
"S2504_C02_028M","Owner-occupied housing units!!Margin of Error!!VEHICLES AVAILABLE!!1 vehicle available"
"S2504_C02_028MA","Annotation of Owner-occupied housing units!!Margin of Error!!VEHICLES AVAILABLE!!1 vehicle available"
"S2504_C03_028E","Renter-occupied housing units!!Estimate!!VEHICLES AVAILABLE!!1 vehicle available"
"S2504_C03_028EA","Annotation of Renter-occupied housing units!!Estimate!!VEHICLES AVAILABLE!!1 vehicle available"
"S2504_C03_028M","Renter-occupied housing units!!Margin of Error!!VEHICLES AVAILABLE!!1 vehicle available"
"S2504_C03_028MA","Annotation of Renter-occupied housing units!!Margin of Error!!VEHICLES AVAILABLE!!1 vehicle available"
"S2504_C01_029E","Occupied housing units!!Estimate!!VEHICLES AVAILABLE!!2 vehicles available"
"S2504_C01_029M","Occupied housing units!!Margin of Error!!VEHICLES AVAILABLE!!2 vehicles available"
"S2504_C01_029MA","Annotation of Occupied housing units!!Margin of Error!!VEHICLES AVAILABLE!!2 vehicles available"
"S2504_C01_029EA","Annotation of Occupied housing units!!Estimate!!VEHICLES AVAILABLE!!2 vehicles available"
"S2504_C02_029E","Owner-occupied housing units!!Estimate!!VEHICLES AVAILABLE!!2 vehicles available"
"S2504_C02_029M","Owner-occupied housing units!!Margin of Error!!VEHICLES AVAILABLE!!2 vehicles available"
"S2504_C02_029MA","Annotation of Owner-occupied housing units!!Margin of Error!!VEHICLES AVAILABLE!!2 vehicles available"
"S2504_C02_029EA","Annotation of Owner-occupied housing units!!Estimate!!VEHICLES AVAILABLE!!2 vehicles available"
"S2504_C03_029E","Renter-occupied housing units!!Estimate!!VEHICLES AVAILABLE!!2 vehicles available"
"S2504_C03_029EA","Annotation of Renter-occupied housing units!!Estimate!!VEHICLES AVAILABLE!!2 vehicles available"
"S2504_C03_029M","Renter-occupied housing units!!Margin of Error!!VEHICLES AVAILABLE!!2 vehicles available"
"S2504_C03_029MA","Annotation of Renter-occupied housing units!!Margin of Error!!VEHICLES AVAILABLE!!2 vehicles available"
"S2504_C01_030E","Occupied housing units!!Estimate!!VEHICLES AVAILABLE!!3 or more vehicles available"
"S2504_C01_030M","Occupied housing units!!Margin of Error!!VEHICLES AVAILABLE!!3 or more vehicles available"
"S2504_C01_030MA","Annotation of Occupied housing units!!Margin of Error!!VEHICLES AVAILABLE!!3 or more vehicles available"
"S2504_C01_030EA","Annotation of Occupied housing units!!Estimate!!VEHICLES AVAILABLE!!3 or more vehicles available"
"S2504_C02_030E","Owner-occupied housing units!!Estimate!!VEHICLES AVAILABLE!!3 or more vehicles available"
"S2504_C02_030M","Owner-occupied housing units!!Margin of Error!!VEHICLES AVAILABLE!!3 or more vehicles available"
"S2504_C02_030MA","Annotation of Owner-occupied housing units!!Margin of Error!!VEHICLES AVAILABLE!!3 or more vehicles available"
"S2504_C02_030EA","Annotation of Owner-occupied housing units!!Estimate!!VEHICLES AVAILABLE!!3 or more vehicles available"
"S2504_C03_030E","Renter-occupied housing units!!Estimate!!VEHICLES AVAILABLE!!3 or more vehicles available"
"S2504_C03_030EA","Annotation of Renter-occupied housing units!!Estimate!!VEHICLES AVAILABLE!!3 or more vehicles available"
"S2504_C03_030M","Renter-occupied housing units!!Margin of Error!!VEHICLES AVAILABLE!!3 or more vehicles available"
"S2504_C03_030MA","Annotation of Renter-occupied housing units!!Margin of Error!!VEHICLES AVAILABLE!!3 or more vehicles available"
"S2504_C01_031E","Occupied housing units!!Estimate!!TELEPHONE SERVICE AVAILABLE!!With telephone service"
"S2504_C01_031M","Occupied housing units!!Margin of Error!!TELEPHONE SERVICE AVAILABLE!!With telephone service"
"S2504_C01_031MA","Annotation of Occupied housing units!!Margin of Error!!TELEPHONE SERVICE AVAILABLE!!With telephone service"
"S2504_C01_031EA","Annotation of Occupied housing units!!Estimate!!TELEPHONE SERVICE AVAILABLE!!With telephone service"
"S2504_C02_031E","Owner-occupied housing units!!Estimate!!TELEPHONE SERVICE AVAILABLE!!With telephone service"
"S2504_C02_031M","Owner-occupied housing units!!Margin of Error!!TELEPHONE SERVICE AVAILABLE!!With telephone service"
"S2504_C02_031MA","Annotation of Owner-occupied housing units!!Margin of Error!!TELEPHONE SERVICE AVAILABLE!!With telephone service"
"S2504_C02_031EA","Annotation of Owner-occupied housing units!!Estimate!!TELEPHONE SERVICE AVAILABLE!!With telephone service"
"S2504_C03_031E","Renter-occupied housing units!!Estimate!!TELEPHONE SERVICE AVAILABLE!!With telephone service"
"S2504_C03_031M","Renter-occupied housing units!!Margin of Error!!TELEPHONE SERVICE AVAILABLE!!With telephone service"
"S2504_C03_031MA","Annotation of Renter-occupied housing units!!Margin of Error!!TELEPHONE SERVICE AVAILABLE!!With telephone service"
"S2504_C03_031EA","Annotation of Renter-occupied housing units!!Estimate!!TELEPHONE SERVICE AVAILABLE!!With telephone service"
"S2504_C01_032E","Occupied housing units!!Estimate!!HOUSE HEATING FUEL!!Utility gas"
"S2504_C01_032EA","Annotation of Occupied housing units!!Estimate!!HOUSE HEATING FUEL!!Utility gas"
"S2504_C01_032M","Occupied housing units!!Margin of Error!!HOUSE HEATING FUEL!!Utility gas"
"S2504_C01_032MA","Annotation of Occupied housing units!!Margin of Error!!HOUSE HEATING FUEL!!Utility gas"
"S2504_C02_032E","Owner-occupied housing units!!Estimate!!HOUSE HEATING FUEL!!Utility gas"
"S2504_C02_032M","Owner-occupied housing units!!Margin of Error!!HOUSE HEATING FUEL!!Utility gas"
"S2504_C02_032MA","Annotation of Owner-occupied housing units!!Margin of Error!!HOUSE HEATING FUEL!!Utility gas"
"S2504_C02_032EA","Annotation of Owner-occupied housing units!!Estimate!!HOUSE HEATING FUEL!!Utility gas"
"S2504_C03_032E","Renter-occupied housing units!!Estimate!!HOUSE HEATING FUEL!!Utility gas"
"S2504_C03_032M","Renter-occupied housing units!!Margin of Error!!HOUSE HEATING FUEL!!Utility gas"
"S2504_C03_032MA","Annotation of Renter-occupied housing units!!Margin of Error!!HOUSE HEATING FUEL!!Utility gas"
"S2504_C03_032EA","Annotation of Renter-occupied housing units!!Estimate!!HOUSE HEATING FUEL!!Utility gas"
"S2504_C01_033E","Occupied housing units!!Estimate!!HOUSE HEATING FUEL!!Bottled, tank, or LP gas"
"S2504_C01_033EA","Annotation of Occupied housing units!!Estimate!!HOUSE HEATING FUEL!!Bottled, tank, or LP gas"
"S2504_C01_033M","Occupied housing units!!Margin of Error!!HOUSE HEATING FUEL!!Bottled, tank, or LP gas"
"S2504_C01_033MA","Annotation of Occupied housing units!!Margin of Error!!HOUSE HEATING FUEL!!Bottled, tank, or LP gas"
"S2504_C02_033E","Owner-occupied housing units!!Estimate!!HOUSE HEATING FUEL!!Bottled, tank, or LP gas"
"S2504_C02_033EA","Annotation of Owner-occupied housing units!!Estimate!!HOUSE HEATING FUEL!!Bottled, tank, or LP gas"
"S2504_C02_033M","Owner-occupied housing units!!Margin of Error!!HOUSE HEATING FUEL!!Bottled, tank, or LP gas"
"S2504_C02_033MA","Annotation of Owner-occupied housing units!!Margin of Error!!HOUSE HEATING FUEL!!Bottled, tank, or LP gas"
"S2504_C03_033E","Renter-occupied housing units!!Estimate!!HOUSE HEATING FUEL!!Bottled, tank, or LP gas"
"S2504_C03_033M","Renter-occupied housing units!!Margin of Error!!HOUSE HEATING FUEL!!Bottled, tank, or LP gas"
"S2504_C03_033MA","Annotation of Renter-occupied housing units!!Margin of Error!!HOUSE HEATING FUEL!!Bottled, tank, or LP gas"
"S2504_C03_033EA","Annotation of Renter-occupied housing units!!Estimate!!HOUSE HEATING FUEL!!Bottled, tank, or LP gas"
"S2504_C01_034E","Occupied housing units!!Estimate!!HOUSE HEATING FUEL!!Electricity"
"S2504_C01_034M","Occupied housing units!!Margin of Error!!HOUSE HEATING FUEL!!Electricity"
"S2504_C01_034MA","Annotation of Occupied housing units!!Margin of Error!!HOUSE HEATING FUEL!!Electricity"
"S2504_C01_034EA","Annotation of Occupied housing units!!Estimate!!HOUSE HEATING FUEL!!Electricity"
"S2504_C02_034E","Owner-occupied housing units!!Estimate!!HOUSE HEATING FUEL!!Electricity"
"S2504_C02_034EA","Annotation of Owner-occupied housing units!!Estimate!!HOUSE HEATING FUEL!!Electricity"
"S2504_C02_034M","Owner-occupied housing units!!Margin of Error!!HOUSE HEATING FUEL!!Electricity"
"S2504_C02_034MA","Annotation of Owner-occupied housing units!!Margin of Error!!HOUSE HEATING FUEL!!Electricity"
"S2504_C03_034E","Renter-occupied housing units!!Estimate!!HOUSE HEATING FUEL!!Electricity"
"S2504_C03_034EA","Annotation of Renter-occupied housing units!!Estimate!!HOUSE HEATING FUEL!!Electricity"
"S2504_C03_034M","Renter-occupied housing units!!Margin of Error!!HOUSE HEATING FUEL!!Electricity"
"S2504_C03_034MA","Annotation of Renter-occupied housing units!!Margin of Error!!HOUSE HEATING FUEL!!Electricity"
"S2504_C01_035E","Occupied housing units!!Estimate!!HOUSE HEATING FUEL!!Fuel oil, kerosene, etc."
"S2504_C01_035M","Occupied housing units!!Margin of Error!!HOUSE HEATING FUEL!!Fuel oil, kerosene, etc."
"S2504_C01_035MA","Annotation of Occupied housing units!!Margin of Error!!HOUSE HEATING FUEL!!Fuel oil, kerosene, etc."
"S2504_C01_035EA","Annotation of Occupied housing units!!Estimate!!HOUSE HEATING FUEL!!Fuel oil, kerosene, etc."
"S2504_C02_035E","Owner-occupied housing units!!Estimate!!HOUSE HEATING FUEL!!Fuel oil, kerosene, etc."
"S2504_C02_035M","Owner-occupied housing units!!Margin of Error!!HOUSE HEATING FUEL!!Fuel oil, kerosene, etc."
"S2504_C02_035MA","Annotation of Owner-occupied housing units!!Margin of Error!!HOUSE HEATING FUEL!!Fuel oil, kerosene, etc."
"S2504_C02_035EA","Annotation of Owner-occupied housing units!!Estimate!!HOUSE HEATING FUEL!!Fuel oil, kerosene, etc."
"S2504_C03_035E","Renter-occupied housing units!!Estimate!!HOUSE HEATING FUEL!!Fuel oil, kerosene, etc."
"S2504_C03_035EA","Annotation of Renter-occupied housing units!!Estimate!!HOUSE HEATING FUEL!!Fuel oil, kerosene, etc."
"S2504_C03_035M","Renter-occupied housing units!!Margin of Error!!HOUSE HEATING FUEL!!Fuel oil, kerosene, etc."
"S2504_C03_035MA","Annotation of Renter-occupied housing units!!Margin of Error!!HOUSE HEATING FUEL!!Fuel oil, kerosene, etc."
"S2504_C01_036E","Occupied housing units!!Estimate!!HOUSE HEATING FUEL!!Coal or coke"
"S2504_C01_036M","Occupied housing units!!Margin of Error!!HOUSE HEATING FUEL!!Coal or coke"
"S2504_C01_036MA","Annotation of Occupied housing units!!Margin of Error!!HOUSE HEATING FUEL!!Coal or coke"
"S2504_C01_036EA","Annotation of Occupied housing units!!Estimate!!HOUSE HEATING FUEL!!Coal or coke"
"S2504_C02_036E","Owner-occupied housing units!!Estimate!!HOUSE HEATING FUEL!!Coal or coke"
"S2504_C02_036M","Owner-occupied housing units!!Margin of Error!!HOUSE HEATING FUEL!!Coal or coke"
"S2504_C02_036MA","Annotation of Owner-occupied housing units!!Margin of Error!!HOUSE HEATING FUEL!!Coal or coke"
"S2504_C02_036EA","Annotation of Owner-occupied housing units!!Estimate!!HOUSE HEATING FUEL!!Coal or coke"
"S2504_C03_036E","Renter-occupied housing units!!Estimate!!HOUSE HEATING FUEL!!Coal or coke"
"S2504_C03_036M","Renter-occupied housing units!!Margin of Error!!HOUSE HEATING FUEL!!Coal or coke"
"S2504_C03_036MA","Annotation of Renter-occupied housing units!!Margin of Error!!HOUSE HEATING FUEL!!Coal or coke"
"S2504_C03_036EA","Annotation of Renter-occupied housing units!!Estimate!!HOUSE HEATING FUEL!!Coal or coke"
"S2504_C01_037E","Occupied housing units!!Estimate!!HOUSE HEATING FUEL!!All other fuels"
"S2504_C01_037M","Occupied housing units!!Margin of Error!!HOUSE HEATING FUEL!!All other fuels"
"S2504_C01_037MA","Annotation of Occupied housing units!!Margin of Error!!HOUSE HEATING FUEL!!All other fuels"
"S2504_C01_037EA","Annotation of Occupied housing units!!Estimate!!HOUSE HEATING FUEL!!All other fuels"
"S2504_C02_037E","Owner-occupied housing units!!Estimate!!HOUSE HEATING FUEL!!All other fuels"
"S2504_C02_037M","Owner-occupied housing units!!Margin of Error!!HOUSE HEATING FUEL!!All other fuels"
"S2504_C02_037MA","Annotation of Owner-occupied housing units!!Margin of Error!!HOUSE HEATING FUEL!!All other fuels"
"S2504_C02_037EA","Annotation of Owner-occupied housing units!!Estimate!!HOUSE HEATING FUEL!!All other fuels"
"S2504_C03_037E","Renter-occupied housing units!!Estimate!!HOUSE HEATING FUEL!!All other fuels"
"S2504_C03_037M","Renter-occupied housing units!!Margin of Error!!HOUSE HEATING FUEL!!All other fuels"
"S2504_C03_037MA","Annotation of Renter-occupied housing units!!Margin of Error!!HOUSE HEATING FUEL!!All other fuels"
"S2504_C03_037EA","Annotation of Renter-occupied housing units!!Estimate!!HOUSE HEATING FUEL!!All other fuels"
"S2504_C01_038E","Occupied housing units!!Estimate!!HOUSE HEATING FUEL!!No fuel used"
"S2504_C01_038EA","Annotation of Occupied housing units!!Estimate!!HOUSE HEATING FUEL!!No fuel used"
"S2504_C01_038M","Occupied housing units!!Margin of Error!!HOUSE HEATING FUEL!!No fuel used"
"S2504_C01_038MA","Annotation of Occupied housing units!!Margin of Error!!HOUSE HEATING FUEL!!No fuel used"
"S2504_C02_038E","Owner-occupied housing units!!Estimate!!HOUSE HEATING FUEL!!No fuel used"
"S2504_C02_038EA","Annotation of Owner-occupied housing units!!Estimate!!HOUSE HEATING FUEL!!No fuel used"
"S2504_C02_038M","Owner-occupied housing units!!Margin of Error!!HOUSE HEATING FUEL!!No fuel used"
"S2504_C02_038MA","Annotation of Owner-occupied housing units!!Margin of Error!!HOUSE HEATING FUEL!!No fuel used"
"S2504_C03_038E","Renter-occupied housing units!!Estimate!!HOUSE HEATING FUEL!!No fuel used"
"S2504_C03_038M","Renter-occupied housing units!!Margin of Error!!HOUSE HEATING FUEL!!No fuel used"
"S2504_C03_038MA","Annotation of Renter-occupied housing units!!Margin of Error!!HOUSE HEATING FUEL!!No fuel used"
"S2504_C03_038EA","Annotation of Renter-occupied housing units!!Estimate!!HOUSE HEATING FUEL!!No fuel used"
