"Column Name","Label"
"GEO_ID","Geography"
"NAME","Geographic Area Name"
"S2507_C01_001E","Owner-occupied housing units without a mortgage!!Estimate!!Owner-occupied housing units without a mortgage"
"S2507_C01_001M","Owner-occupied housing units without a mortgage!!Margin of Error!!Owner-occupied housing units without a mortgage"
"S2507_C01_001MA","Annotation of Owner-occupied housing units without a mortgage!!Margin of Error!!Owner-occupied housing units without a mortgage"
"S2507_C01_001EA","Annotation of Owner-occupied housing units without a mortgage!!Estimate!!Owner-occupied housing units without a mortgage"
"S2507_C01_002E","Owner-occupied housing units without a mortgage!!Estimate!!VALUE!!Less than $50,000"
"S2507_C01_002EA","Annotation of Owner-occupied housing units without a mortgage!!Estimate!!VALUE!!Less than $50,000"
"S2507_C01_002M","Owner-occupied housing units without a mortgage!!Margin of Error!!VALUE!!Less than $50,000"
"S2507_C01_002MA","Annotation of Owner-occupied housing units without a mortgage!!Margin of Error!!VALUE!!Less than $50,000"
"S2507_C01_003E","Owner-occupied housing units without a mortgage!!Estimate!!VALUE!!$50,000 to $99,999"
"S2507_C01_003EA","Annotation of Owner-occupied housing units without a mortgage!!Estimate!!VALUE!!$50,000 to $99,999"
"S2507_C01_003M","Owner-occupied housing units without a mortgage!!Margin of Error!!VALUE!!$50,000 to $99,999"
"S2507_C01_003MA","Annotation of Owner-occupied housing units without a mortgage!!Margin of Error!!VALUE!!$50,000 to $99,999"
"S2507_C01_004E","Owner-occupied housing units without a mortgage!!Estimate!!VALUE!!$100,000 to $199,999"
"S2507_C01_004M","Owner-occupied housing units without a mortgage!!Margin of Error!!VALUE!!$100,000 to $199,999"
"S2507_C01_004MA","Annotation of Owner-occupied housing units without a mortgage!!Margin of Error!!VALUE!!$100,000 to $199,999"
"S2507_C01_004EA","Annotation of Owner-occupied housing units without a mortgage!!Estimate!!VALUE!!$100,000 to $199,999"
"S2507_C01_005E","Owner-occupied housing units without a mortgage!!Estimate!!VALUE!!$200,000 to $299,999"
"S2507_C01_005M","Owner-occupied housing units without a mortgage!!Margin of Error!!VALUE!!$200,000 to $299,999"
"S2507_C01_005MA","Annotation of Owner-occupied housing units without a mortgage!!Margin of Error!!VALUE!!$200,000 to $299,999"
"S2507_C01_005EA","Annotation of Owner-occupied housing units without a mortgage!!Estimate!!VALUE!!$200,000 to $299,999"
"S2507_C01_006E","Owner-occupied housing units without a mortgage!!Estimate!!VALUE!!$300,000 to $499,999"
"S2507_C01_006M","Owner-occupied housing units without a mortgage!!Margin of Error!!VALUE!!$300,000 to $499,999"
"S2507_C01_006MA","Annotation of Owner-occupied housing units without a mortgage!!Margin of Error!!VALUE!!$300,000 to $499,999"
"S2507_C01_006EA","Annotation of Owner-occupied housing units without a mortgage!!Estimate!!VALUE!!$300,000 to $499,999"
"S2507_C01_007E","Owner-occupied housing units without a mortgage!!Estimate!!VALUE!!$500,000 to $749,999"
"S2507_C01_007EA","Annotation of Owner-occupied housing units without a mortgage!!Estimate!!VALUE!!$500,000 to $749,999"
"S2507_C01_007M","Owner-occupied housing units without a mortgage!!Margin of Error!!VALUE!!$500,000 to $749,999"
"S2507_C01_007MA","Annotation of Owner-occupied housing units without a mortgage!!Margin of Error!!VALUE!!$500,000 to $749,999"
"S2507_C01_008E","Owner-occupied housing units without a mortgage!!Estimate!!VALUE!!$750,000 to $999,999"
"S2507_C01_008EA","Annotation of Owner-occupied housing units without a mortgage!!Estimate!!VALUE!!$750,000 to $999,999"
"S2507_C01_008M","Owner-occupied housing units without a mortgage!!Margin of Error!!VALUE!!$750,000 to $999,999"
"S2507_C01_008MA","Annotation of Owner-occupied housing units without a mortgage!!Margin of Error!!VALUE!!$750,000 to $999,999"
"S2507_C01_009E","Owner-occupied housing units without a mortgage!!Estimate!!VALUE!!$1,000,000 or more"
"S2507_C01_009EA","Annotation of Owner-occupied housing units without a mortgage!!Estimate!!VALUE!!$1,000,000 or more"
"S2507_C01_009M","Owner-occupied housing units without a mortgage!!Margin of Error!!VALUE!!$1,000,000 or more"
"S2507_C01_009MA","Annotation of Owner-occupied housing units without a mortgage!!Margin of Error!!VALUE!!$1,000,000 or more"
"S2507_C01_010E","Owner-occupied housing units without a mortgage!!Estimate!!VALUE!!Median (dollars)"
"S2507_C01_010EA","Annotation of Owner-occupied housing units without a mortgage!!Estimate!!VALUE!!Median (dollars)"
"S2507_C01_010M","Owner-occupied housing units without a mortgage!!Margin of Error!!VALUE!!Median (dollars)"
"S2507_C01_010MA","Annotation of Owner-occupied housing units without a mortgage!!Margin of Error!!VALUE!!Median (dollars)"
"S2507_C01_011E","Owner-occupied housing units without a mortgage!!Estimate!!HOUSEHOLD INCOME IN THE PAST 12 MONTHS (IN 2016 INFLATION-ADJUSTED DOLLARS)!!Less than $10,000"
"S2507_C01_011M","Owner-occupied housing units without a mortgage!!Margin of Error!!HOUSEHOLD INCOME IN THE PAST 12 MONTHS (IN 2016 INFLATION-ADJUSTED DOLLARS)!!Less than $10,000"
"S2507_C01_011MA","Annotation of Owner-occupied housing units without a mortgage!!Margin of Error!!HOUSEHOLD INCOME IN THE PAST 12 MONTHS (IN 2016 INFLATION-ADJUSTED DOLLARS)!!Less than $10,000"
"S2507_C01_011EA","Annotation of Owner-occupied housing units without a mortgage!!Estimate!!HOUSEHOLD INCOME IN THE PAST 12 MONTHS (IN 2016 INFLATION-ADJUSTED DOLLARS)!!Less than $10,000"
"S2507_C01_012E","Owner-occupied housing units without a mortgage!!Estimate!!HOUSEHOLD INCOME IN THE PAST 12 MONTHS (IN 2016 INFLATION-ADJUSTED DOLLARS)!!$10,000 to $24,999"
"S2507_C01_012M","Owner-occupied housing units without a mortgage!!Margin of Error!!HOUSEHOLD INCOME IN THE PAST 12 MONTHS (IN 2016 INFLATION-ADJUSTED DOLLARS)!!$10,000 to $24,999"
"S2507_C01_012MA","Annotation of Owner-occupied housing units without a mortgage!!Margin of Error!!HOUSEHOLD INCOME IN THE PAST 12 MONTHS (IN 2016 INFLATION-ADJUSTED DOLLARS)!!$10,000 to $24,999"
"S2507_C01_012EA","Annotation of Owner-occupied housing units without a mortgage!!Estimate!!HOUSEHOLD INCOME IN THE PAST 12 MONTHS (IN 2016 INFLATION-ADJUSTED DOLLARS)!!$10,000 to $24,999"
"S2507_C01_013E","Owner-occupied housing units without a mortgage!!Estimate!!HOUSEHOLD INCOME IN THE PAST 12 MONTHS (IN 2016 INFLATION-ADJUSTED DOLLARS)!!$25,000 to $34,999"
"S2507_C01_013EA","Annotation of Owner-occupied housing units without a mortgage!!Estimate!!HOUSEHOLD INCOME IN THE PAST 12 MONTHS (IN 2016 INFLATION-ADJUSTED DOLLARS)!!$25,000 to $34,999"
"S2507_C01_013M","Owner-occupied housing units without a mortgage!!Margin of Error!!HOUSEHOLD INCOME IN THE PAST 12 MONTHS (IN 2016 INFLATION-ADJUSTED DOLLARS)!!$25,000 to $34,999"
"S2507_C01_013MA","Annotation of Owner-occupied housing units without a mortgage!!Margin of Error!!HOUSEHOLD INCOME IN THE PAST 12 MONTHS (IN 2016 INFLATION-ADJUSTED DOLLARS)!!$25,000 to $34,999"
"S2507_C01_014E","Owner-occupied housing units without a mortgage!!Estimate!!HOUSEHOLD INCOME IN THE PAST 12 MONTHS (IN 2016 INFLATION-ADJUSTED DOLLARS)!!$35,000 to $49,999"
"S2507_C01_014EA","Annotation of Owner-occupied housing units without a mortgage!!Estimate!!HOUSEHOLD INCOME IN THE PAST 12 MONTHS (IN 2016 INFLATION-ADJUSTED DOLLARS)!!$35,000 to $49,999"
"S2507_C01_014M","Owner-occupied housing units without a mortgage!!Margin of Error!!HOUSEHOLD INCOME IN THE PAST 12 MONTHS (IN 2016 INFLATION-ADJUSTED DOLLARS)!!$35,000 to $49,999"
"S2507_C01_014MA","Annotation of Owner-occupied housing units without a mortgage!!Margin of Error!!HOUSEHOLD INCOME IN THE PAST 12 MONTHS (IN 2016 INFLATION-ADJUSTED DOLLARS)!!$35,000 to $49,999"
"S2507_C01_015E","Owner-occupied housing units without a mortgage!!Estimate!!HOUSEHOLD INCOME IN THE PAST 12 MONTHS (IN 2016 INFLATION-ADJUSTED DOLLARS)!!$50,000 to $74,999"
"S2507_C01_015EA","Annotation of Owner-occupied housing units without a mortgage!!Estimate!!HOUSEHOLD INCOME IN THE PAST 12 MONTHS (IN 2016 INFLATION-ADJUSTED DOLLARS)!!$50,000 to $74,999"
"S2507_C01_015M","Owner-occupied housing units without a mortgage!!Margin of Error!!HOUSEHOLD INCOME IN THE PAST 12 MONTHS (IN 2016 INFLATION-ADJUSTED DOLLARS)!!$50,000 to $74,999"
"S2507_C01_015MA","Annotation of Owner-occupied housing units without a mortgage!!Margin of Error!!HOUSEHOLD INCOME IN THE PAST 12 MONTHS (IN 2016 INFLATION-ADJUSTED DOLLARS)!!$50,000 to $74,999"
"S2507_C01_016E","Owner-occupied housing units without a mortgage!!Estimate!!HOUSEHOLD INCOME IN THE PAST 12 MONTHS (IN 2016 INFLATION-ADJUSTED DOLLARS)!!$75,000 to $99,999"
"S2507_C01_016EA","Annotation of Owner-occupied housing units without a mortgage!!Estimate!!HOUSEHOLD INCOME IN THE PAST 12 MONTHS (IN 2016 INFLATION-ADJUSTED DOLLARS)!!$75,000 to $99,999"
"S2507_C01_016M","Owner-occupied housing units without a mortgage!!Margin of Error!!HOUSEHOLD INCOME IN THE PAST 12 MONTHS (IN 2016 INFLATION-ADJUSTED DOLLARS)!!$75,000 to $99,999"
"S2507_C01_016MA","Annotation of Owner-occupied housing units without a mortgage!!Margin of Error!!HOUSEHOLD INCOME IN THE PAST 12 MONTHS (IN 2016 INFLATION-ADJUSTED DOLLARS)!!$75,000 to $99,999"
"S2507_C01_017E","Owner-occupied housing units without a mortgage!!Estimate!!HOUSEHOLD INCOME IN THE PAST 12 MONTHS (IN 2016 INFLATION-ADJUSTED DOLLARS)!!$100,000 to $149,999"
"S2507_C01_017M","Owner-occupied housing units without a mortgage!!Margin of Error!!HOUSEHOLD INCOME IN THE PAST 12 MONTHS (IN 2016 INFLATION-ADJUSTED DOLLARS)!!$100,000 to $149,999"
"S2507_C01_017MA","Annotation of Owner-occupied housing units without a mortgage!!Margin of Error!!HOUSEHOLD INCOME IN THE PAST 12 MONTHS (IN 2016 INFLATION-ADJUSTED DOLLARS)!!$100,000 to $149,999"
"S2507_C01_017EA","Annotation of Owner-occupied housing units without a mortgage!!Estimate!!HOUSEHOLD INCOME IN THE PAST 12 MONTHS (IN 2016 INFLATION-ADJUSTED DOLLARS)!!$100,000 to $149,999"
"S2507_C01_018E","Owner-occupied housing units without a mortgage!!Estimate!!HOUSEHOLD INCOME IN THE PAST 12 MONTHS (IN 2016 INFLATION-ADJUSTED DOLLARS)!!$150,000 or more"
"S2507_C01_018EA","Annotation of Owner-occupied housing units without a mortgage!!Estimate!!HOUSEHOLD INCOME IN THE PAST 12 MONTHS (IN 2016 INFLATION-ADJUSTED DOLLARS)!!$150,000 or more"
"S2507_C01_018M","Owner-occupied housing units without a mortgage!!Margin of Error!!HOUSEHOLD INCOME IN THE PAST 12 MONTHS (IN 2016 INFLATION-ADJUSTED DOLLARS)!!$150,000 or more"
"S2507_C01_018MA","Annotation of Owner-occupied housing units without a mortgage!!Margin of Error!!HOUSEHOLD INCOME IN THE PAST 12 MONTHS (IN 2016 INFLATION-ADJUSTED DOLLARS)!!$150,000 or more"
"S2507_C01_019E","Owner-occupied housing units without a mortgage!!Estimate!!HOUSEHOLD INCOME IN THE PAST 12 MONTHS (IN 2016 INFLATION-ADJUSTED DOLLARS)!!Median household income (dollars)"
"S2507_C01_019EA","Annotation of Owner-occupied housing units without a mortgage!!Estimate!!HOUSEHOLD INCOME IN THE PAST 12 MONTHS (IN 2016 INFLATION-ADJUSTED DOLLARS)!!Median household income (dollars)"
"S2507_C01_019M","Owner-occupied housing units without a mortgage!!Margin of Error!!HOUSEHOLD INCOME IN THE PAST 12 MONTHS (IN 2016 INFLATION-ADJUSTED DOLLARS)!!Median household income (dollars)"
"S2507_C01_019MA","Annotation of Owner-occupied housing units without a mortgage!!Margin of Error!!HOUSEHOLD INCOME IN THE PAST 12 MONTHS (IN 2016 INFLATION-ADJUSTED DOLLARS)!!Median household income (dollars)"
"S2507_C01_020E","Owner-occupied housing units without a mortgage!!Estimate!!RATIO OF VALUE TO HOUSEHOLD INCOME IN THE PAST 12 MONTHS!!Less than 2.0"
"S2507_C01_020EA","Annotation of Owner-occupied housing units without a mortgage!!Estimate!!RATIO OF VALUE TO HOUSEHOLD INCOME IN THE PAST 12 MONTHS!!Less than 2.0"
"S2507_C01_020M","Owner-occupied housing units without a mortgage!!Margin of Error!!RATIO OF VALUE TO HOUSEHOLD INCOME IN THE PAST 12 MONTHS!!Less than 2.0"
"S2507_C01_020MA","Annotation of Owner-occupied housing units without a mortgage!!Margin of Error!!RATIO OF VALUE TO HOUSEHOLD INCOME IN THE PAST 12 MONTHS!!Less than 2.0"
"S2507_C01_021E","Owner-occupied housing units without a mortgage!!Estimate!!RATIO OF VALUE TO HOUSEHOLD INCOME IN THE PAST 12 MONTHS!!2.0 to 2.9"
"S2507_C01_021EA","Annotation of Owner-occupied housing units without a mortgage!!Estimate!!RATIO OF VALUE TO HOUSEHOLD INCOME IN THE PAST 12 MONTHS!!2.0 to 2.9"
"S2507_C01_021M","Owner-occupied housing units without a mortgage!!Margin of Error!!RATIO OF VALUE TO HOUSEHOLD INCOME IN THE PAST 12 MONTHS!!2.0 to 2.9"
"S2507_C01_021MA","Annotation of Owner-occupied housing units without a mortgage!!Margin of Error!!RATIO OF VALUE TO HOUSEHOLD INCOME IN THE PAST 12 MONTHS!!2.0 to 2.9"
"S2507_C01_022E","Owner-occupied housing units without a mortgage!!Estimate!!RATIO OF VALUE TO HOUSEHOLD INCOME IN THE PAST 12 MONTHS!!3.0 to 3.9"
"S2507_C01_022M","Owner-occupied housing units without a mortgage!!Margin of Error!!RATIO OF VALUE TO HOUSEHOLD INCOME IN THE PAST 12 MONTHS!!3.0 to 3.9"
"S2507_C01_022MA","Annotation of Owner-occupied housing units without a mortgage!!Margin of Error!!RATIO OF VALUE TO HOUSEHOLD INCOME IN THE PAST 12 MONTHS!!3.0 to 3.9"
"S2507_C01_022EA","Annotation of Owner-occupied housing units without a mortgage!!Estimate!!RATIO OF VALUE TO HOUSEHOLD INCOME IN THE PAST 12 MONTHS!!3.0 to 3.9"
"S2507_C01_023E","Owner-occupied housing units without a mortgage!!Estimate!!RATIO OF VALUE TO HOUSEHOLD INCOME IN THE PAST 12 MONTHS!!4.0 or more"
"S2507_C01_023M","Owner-occupied housing units without a mortgage!!Margin of Error!!RATIO OF VALUE TO HOUSEHOLD INCOME IN THE PAST 12 MONTHS!!4.0 or more"
"S2507_C01_023MA","Annotation of Owner-occupied housing units without a mortgage!!Margin of Error!!RATIO OF VALUE TO HOUSEHOLD INCOME IN THE PAST 12 MONTHS!!4.0 or more"
"S2507_C01_023EA","Annotation of Owner-occupied housing units without a mortgage!!Estimate!!RATIO OF VALUE TO HOUSEHOLD INCOME IN THE PAST 12 MONTHS!!4.0 or more"
"S2507_C01_024E","Owner-occupied housing units without a mortgage!!Estimate!!RATIO OF VALUE TO HOUSEHOLD INCOME IN THE PAST 12 MONTHS!!Not computed"
"S2507_C01_024EA","Annotation of Owner-occupied housing units without a mortgage!!Estimate!!RATIO OF VALUE TO HOUSEHOLD INCOME IN THE PAST 12 MONTHS!!Not computed"
"S2507_C01_024M","Owner-occupied housing units without a mortgage!!Margin of Error!!RATIO OF VALUE TO HOUSEHOLD INCOME IN THE PAST 12 MONTHS!!Not computed"
"S2507_C01_024MA","Annotation of Owner-occupied housing units without a mortgage!!Margin of Error!!RATIO OF VALUE TO HOUSEHOLD INCOME IN THE PAST 12 MONTHS!!Not computed"
"S2507_C01_025E","Owner-occupied housing units without a mortgage!!Estimate!!MONTHLY HOUSING COSTS!!Less than $200"
"S2507_C01_025EA","Annotation of Owner-occupied housing units without a mortgage!!Estimate!!MONTHLY HOUSING COSTS!!Less than $200"
"S2507_C01_025M","Owner-occupied housing units without a mortgage!!Margin of Error!!MONTHLY HOUSING COSTS!!Less than $200"
"S2507_C01_025MA","Annotation of Owner-occupied housing units without a mortgage!!Margin of Error!!MONTHLY HOUSING COSTS!!Less than $200"
"S2507_C01_026E","Owner-occupied housing units without a mortgage!!Estimate!!MONTHLY HOUSING COSTS!!$200 to $399"
"S2507_C01_026EA","Annotation of Owner-occupied housing units without a mortgage!!Estimate!!MONTHLY HOUSING COSTS!!$200 to $399"
"S2507_C01_026M","Owner-occupied housing units without a mortgage!!Margin of Error!!MONTHLY HOUSING COSTS!!$200 to $399"
"S2507_C01_026MA","Annotation of Owner-occupied housing units without a mortgage!!Margin of Error!!MONTHLY HOUSING COSTS!!$200 to $399"
"S2507_C01_027E","Owner-occupied housing units without a mortgage!!Estimate!!MONTHLY HOUSING COSTS!!$400 to $599"
"S2507_C01_027EA","Annotation of Owner-occupied housing units without a mortgage!!Estimate!!MONTHLY HOUSING COSTS!!$400 to $599"
"S2507_C01_027M","Owner-occupied housing units without a mortgage!!Margin of Error!!MONTHLY HOUSING COSTS!!$400 to $599"
"S2507_C01_027MA","Annotation of Owner-occupied housing units without a mortgage!!Margin of Error!!MONTHLY HOUSING COSTS!!$400 to $599"
"S2507_C01_028E","Owner-occupied housing units without a mortgage!!Estimate!!MONTHLY HOUSING COSTS!!$600 to $999"
"S2507_C01_028M","Owner-occupied housing units without a mortgage!!Margin of Error!!MONTHLY HOUSING COSTS!!$600 to $999"
"S2507_C01_028MA","Annotation of Owner-occupied housing units without a mortgage!!Margin of Error!!MONTHLY HOUSING COSTS!!$600 to $999"
"S2507_C01_028EA","Annotation of Owner-occupied housing units without a mortgage!!Estimate!!MONTHLY HOUSING COSTS!!$600 to $999"
"S2507_C01_029E","Owner-occupied housing units without a mortgage!!Estimate!!MONTHLY HOUSING COSTS!!$1,000 to $1,299"
"S2507_C01_029M","Owner-occupied housing units without a mortgage!!Margin of Error!!MONTHLY HOUSING COSTS!!$1,000 to $1,299"
"S2507_C01_029MA","Annotation of Owner-occupied housing units without a mortgage!!Margin of Error!!MONTHLY HOUSING COSTS!!$1,000 to $1,299"
"S2507_C01_029EA","Annotation of Owner-occupied housing units without a mortgage!!Estimate!!MONTHLY HOUSING COSTS!!$1,000 to $1,299"
"S2507_C01_030E","Owner-occupied housing units without a mortgage!!Estimate!!MONTHLY HOUSING COSTS!!$1,300 to $1,499"
"S2507_C01_030M","Owner-occupied housing units without a mortgage!!Margin of Error!!MONTHLY HOUSING COSTS!!$1,300 to $1,499"
"S2507_C01_030MA","Annotation of Owner-occupied housing units without a mortgage!!Margin of Error!!MONTHLY HOUSING COSTS!!$1,300 to $1,499"
"S2507_C01_030EA","Annotation of Owner-occupied housing units without a mortgage!!Estimate!!MONTHLY HOUSING COSTS!!$1,300 to $1,499"
"S2507_C01_031E","Owner-occupied housing units without a mortgage!!Estimate!!MONTHLY HOUSING COSTS!!$1,500 or more"
"S2507_C01_031EA","Annotation of Owner-occupied housing units without a mortgage!!Estimate!!MONTHLY HOUSING COSTS!!$1,500 or more"
"S2507_C01_031M","Owner-occupied housing units without a mortgage!!Margin of Error!!MONTHLY HOUSING COSTS!!$1,500 or more"
"S2507_C01_031MA","Annotation of Owner-occupied housing units without a mortgage!!Margin of Error!!MONTHLY HOUSING COSTS!!$1,500 or more"
"S2507_C01_032E","Owner-occupied housing units without a mortgage!!Estimate!!MONTHLY HOUSING COSTS!!Median (dollars)"
"S2507_C01_032EA","Annotation of Owner-occupied housing units without a mortgage!!Estimate!!MONTHLY HOUSING COSTS!!Median (dollars)"
"S2507_C01_032M","Owner-occupied housing units without a mortgage!!Margin of Error!!MONTHLY HOUSING COSTS!!Median (dollars)"
"S2507_C01_032MA","Annotation of Owner-occupied housing units without a mortgage!!Margin of Error!!MONTHLY HOUSING COSTS!!Median (dollars)"
"S2507_C01_033E","Owner-occupied housing units without a mortgage!!Estimate!!MONTHLY HOUSING COSTS AS A PERCENTAGE OF HOUSEHOLD INCOME IN THE PAST 12 MONTHS!!Less than $20,000"
"S2507_C01_033M","Owner-occupied housing units without a mortgage!!Margin of Error!!MONTHLY HOUSING COSTS AS A PERCENTAGE OF HOUSEHOLD INCOME IN THE PAST 12 MONTHS!!Less than $20,000"
"S2507_C01_033MA","Annotation of Owner-occupied housing units without a mortgage!!Margin of Error!!MONTHLY HOUSING COSTS AS A PERCENTAGE OF HOUSEHOLD INCOME IN THE PAST 12 MONTHS!!Less than $20,000"
"S2507_C01_033EA","Annotation of Owner-occupied housing units without a mortgage!!Estimate!!MONTHLY HOUSING COSTS AS A PERCENTAGE OF HOUSEHOLD INCOME IN THE PAST 12 MONTHS!!Less than $20,000"
"S2507_C01_034E","Owner-occupied housing units without a mortgage!!Estimate!!MONTHLY HOUSING COSTS AS A PERCENTAGE OF HOUSEHOLD INCOME IN THE PAST 12 MONTHS!!Less than $20,000!!Less than 20 percent"
"S2507_C01_034M","Owner-occupied housing units without a mortgage!!Margin of Error!!MONTHLY HOUSING COSTS AS A PERCENTAGE OF HOUSEHOLD INCOME IN THE PAST 12 MONTHS!!Less than $20,000!!Less than 20 percent"
"S2507_C01_034MA","Annotation of Owner-occupied housing units without a mortgage!!Margin of Error!!MONTHLY HOUSING COSTS AS A PERCENTAGE OF HOUSEHOLD INCOME IN THE PAST 12 MONTHS!!Less than $20,000!!Less than 20 percent"
"S2507_C01_034EA","Annotation of Owner-occupied housing units without a mortgage!!Estimate!!MONTHLY HOUSING COSTS AS A PERCENTAGE OF HOUSEHOLD INCOME IN THE PAST 12 MONTHS!!Less than $20,000!!Less than 20 percent"
"S2507_C01_035E","Owner-occupied housing units without a mortgage!!Estimate!!MONTHLY HOUSING COSTS AS A PERCENTAGE OF HOUSEHOLD INCOME IN THE PAST 12 MONTHS!!Less than $20,000!!20 to 29 percent"
"S2507_C01_035M","Owner-occupied housing units without a mortgage!!Margin of Error!!MONTHLY HOUSING COSTS AS A PERCENTAGE OF HOUSEHOLD INCOME IN THE PAST 12 MONTHS!!Less than $20,000!!20 to 29 percent"
"S2507_C01_035MA","Annotation of Owner-occupied housing units without a mortgage!!Margin of Error!!MONTHLY HOUSING COSTS AS A PERCENTAGE OF HOUSEHOLD INCOME IN THE PAST 12 MONTHS!!Less than $20,000!!20 to 29 percent"
"S2507_C01_035EA","Annotation of Owner-occupied housing units without a mortgage!!Estimate!!MONTHLY HOUSING COSTS AS A PERCENTAGE OF HOUSEHOLD INCOME IN THE PAST 12 MONTHS!!Less than $20,000!!20 to 29 percent"
"S2507_C01_036E","Owner-occupied housing units without a mortgage!!Estimate!!MONTHLY HOUSING COSTS AS A PERCENTAGE OF HOUSEHOLD INCOME IN THE PAST 12 MONTHS!!Less than $20,000!!30 percent or more"
"S2507_C01_036EA","Annotation of Owner-occupied housing units without a mortgage!!Estimate!!MONTHLY HOUSING COSTS AS A PERCENTAGE OF HOUSEHOLD INCOME IN THE PAST 12 MONTHS!!Less than $20,000!!30 percent or more"
"S2507_C01_036M","Owner-occupied housing units without a mortgage!!Margin of Error!!MONTHLY HOUSING COSTS AS A PERCENTAGE OF HOUSEHOLD INCOME IN THE PAST 12 MONTHS!!Less than $20,000!!30 percent or more"
"S2507_C01_036MA","Annotation of Owner-occupied housing units without a mortgage!!Margin of Error!!MONTHLY HOUSING COSTS AS A PERCENTAGE OF HOUSEHOLD INCOME IN THE PAST 12 MONTHS!!Less than $20,000!!30 percent or more"
"S2507_C01_037E","Owner-occupied housing units without a mortgage!!Estimate!!MONTHLY HOUSING COSTS AS A PERCENTAGE OF HOUSEHOLD INCOME IN THE PAST 12 MONTHS!!$20,000 to $34,999"
"S2507_C01_037EA","Annotation of Owner-occupied housing units without a mortgage!!Estimate!!MONTHLY HOUSING COSTS AS A PERCENTAGE OF HOUSEHOLD INCOME IN THE PAST 12 MONTHS!!$20,000 to $34,999"
"S2507_C01_037M","Owner-occupied housing units without a mortgage!!Margin of Error!!MONTHLY HOUSING COSTS AS A PERCENTAGE OF HOUSEHOLD INCOME IN THE PAST 12 MONTHS!!$20,000 to $34,999"
"S2507_C01_037MA","Annotation of Owner-occupied housing units without a mortgage!!Margin of Error!!MONTHLY HOUSING COSTS AS A PERCENTAGE OF HOUSEHOLD INCOME IN THE PAST 12 MONTHS!!$20,000 to $34,999"
"S2507_C01_038E","Owner-occupied housing units without a mortgage!!Estimate!!MONTHLY HOUSING COSTS AS A PERCENTAGE OF HOUSEHOLD INCOME IN THE PAST 12 MONTHS!!$20,000 to $34,999!!Less than 20 percent"
"S2507_C01_038M","Owner-occupied housing units without a mortgage!!Margin of Error!!MONTHLY HOUSING COSTS AS A PERCENTAGE OF HOUSEHOLD INCOME IN THE PAST 12 MONTHS!!$20,000 to $34,999!!Less than 20 percent"
"S2507_C01_038MA","Annotation of Owner-occupied housing units without a mortgage!!Margin of Error!!MONTHLY HOUSING COSTS AS A PERCENTAGE OF HOUSEHOLD INCOME IN THE PAST 12 MONTHS!!$20,000 to $34,999!!Less than 20 percent"
"S2507_C01_038EA","Annotation of Owner-occupied housing units without a mortgage!!Estimate!!MONTHLY HOUSING COSTS AS A PERCENTAGE OF HOUSEHOLD INCOME IN THE PAST 12 MONTHS!!$20,000 to $34,999!!Less than 20 percent"
"S2507_C01_039E","Owner-occupied housing units without a mortgage!!Estimate!!MONTHLY HOUSING COSTS AS A PERCENTAGE OF HOUSEHOLD INCOME IN THE PAST 12 MONTHS!!$20,000 to $34,999!!20 to 29 percent"
"S2507_C01_039M","Owner-occupied housing units without a mortgage!!Margin of Error!!MONTHLY HOUSING COSTS AS A PERCENTAGE OF HOUSEHOLD INCOME IN THE PAST 12 MONTHS!!$20,000 to $34,999!!20 to 29 percent"
"S2507_C01_039MA","Annotation of Owner-occupied housing units without a mortgage!!Margin of Error!!MONTHLY HOUSING COSTS AS A PERCENTAGE OF HOUSEHOLD INCOME IN THE PAST 12 MONTHS!!$20,000 to $34,999!!20 to 29 percent"
"S2507_C01_039EA","Annotation of Owner-occupied housing units without a mortgage!!Estimate!!MONTHLY HOUSING COSTS AS A PERCENTAGE OF HOUSEHOLD INCOME IN THE PAST 12 MONTHS!!$20,000 to $34,999!!20 to 29 percent"
"S2507_C01_040E","Owner-occupied housing units without a mortgage!!Estimate!!MONTHLY HOUSING COSTS AS A PERCENTAGE OF HOUSEHOLD INCOME IN THE PAST 12 MONTHS!!$20,000 to $34,999!!30 percent or more"
"S2507_C01_040M","Owner-occupied housing units without a mortgage!!Margin of Error!!MONTHLY HOUSING COSTS AS A PERCENTAGE OF HOUSEHOLD INCOME IN THE PAST 12 MONTHS!!$20,000 to $34,999!!30 percent or more"
"S2507_C01_040MA","Annotation of Owner-occupied housing units without a mortgage!!Margin of Error!!MONTHLY HOUSING COSTS AS A PERCENTAGE OF HOUSEHOLD INCOME IN THE PAST 12 MONTHS!!$20,000 to $34,999!!30 percent or more"
"S2507_C01_040EA","Annotation of Owner-occupied housing units without a mortgage!!Estimate!!MONTHLY HOUSING COSTS AS A PERCENTAGE OF HOUSEHOLD INCOME IN THE PAST 12 MONTHS!!$20,000 to $34,999!!30 percent or more"
"S2507_C01_041E","Owner-occupied housing units without a mortgage!!Estimate!!MONTHLY HOUSING COSTS AS A PERCENTAGE OF HOUSEHOLD INCOME IN THE PAST 12 MONTHS!!$35,000 to $49,999"
"S2507_C01_041EA","Annotation of Owner-occupied housing units without a mortgage!!Estimate!!MONTHLY HOUSING COSTS AS A PERCENTAGE OF HOUSEHOLD INCOME IN THE PAST 12 MONTHS!!$35,000 to $49,999"
"S2507_C01_041M","Owner-occupied housing units without a mortgage!!Margin of Error!!MONTHLY HOUSING COSTS AS A PERCENTAGE OF HOUSEHOLD INCOME IN THE PAST 12 MONTHS!!$35,000 to $49,999"
"S2507_C01_041MA","Annotation of Owner-occupied housing units without a mortgage!!Margin of Error!!MONTHLY HOUSING COSTS AS A PERCENTAGE OF HOUSEHOLD INCOME IN THE PAST 12 MONTHS!!$35,000 to $49,999"
"S2507_C01_042E","Owner-occupied housing units without a mortgage!!Estimate!!MONTHLY HOUSING COSTS AS A PERCENTAGE OF HOUSEHOLD INCOME IN THE PAST 12 MONTHS!!$35,000 to $49,999!!Less than 20 percent"
"S2507_C01_042EA","Annotation of Owner-occupied housing units without a mortgage!!Estimate!!MONTHLY HOUSING COSTS AS A PERCENTAGE OF HOUSEHOLD INCOME IN THE PAST 12 MONTHS!!$35,000 to $49,999!!Less than 20 percent"
"S2507_C01_042M","Owner-occupied housing units without a mortgage!!Margin of Error!!MONTHLY HOUSING COSTS AS A PERCENTAGE OF HOUSEHOLD INCOME IN THE PAST 12 MONTHS!!$35,000 to $49,999!!Less than 20 percent"
"S2507_C01_042MA","Annotation of Owner-occupied housing units without a mortgage!!Margin of Error!!MONTHLY HOUSING COSTS AS A PERCENTAGE OF HOUSEHOLD INCOME IN THE PAST 12 MONTHS!!$35,000 to $49,999!!Less than 20 percent"
"S2507_C01_043E","Owner-occupied housing units without a mortgage!!Estimate!!MONTHLY HOUSING COSTS AS A PERCENTAGE OF HOUSEHOLD INCOME IN THE PAST 12 MONTHS!!$35,000 to $49,999!!20 to 29 percent"
"S2507_C01_043M","Owner-occupied housing units without a mortgage!!Margin of Error!!MONTHLY HOUSING COSTS AS A PERCENTAGE OF HOUSEHOLD INCOME IN THE PAST 12 MONTHS!!$35,000 to $49,999!!20 to 29 percent"
"S2507_C01_043MA","Annotation of Owner-occupied housing units without a mortgage!!Margin of Error!!MONTHLY HOUSING COSTS AS A PERCENTAGE OF HOUSEHOLD INCOME IN THE PAST 12 MONTHS!!$35,000 to $49,999!!20 to 29 percent"
"S2507_C01_043EA","Annotation of Owner-occupied housing units without a mortgage!!Estimate!!MONTHLY HOUSING COSTS AS A PERCENTAGE OF HOUSEHOLD INCOME IN THE PAST 12 MONTHS!!$35,000 to $49,999!!20 to 29 percent"
"S2507_C01_044E","Owner-occupied housing units without a mortgage!!Estimate!!MONTHLY HOUSING COSTS AS A PERCENTAGE OF HOUSEHOLD INCOME IN THE PAST 12 MONTHS!!$35,000 to $49,999!!30 percent or more"
"S2507_C01_044M","Owner-occupied housing units without a mortgage!!Margin of Error!!MONTHLY HOUSING COSTS AS A PERCENTAGE OF HOUSEHOLD INCOME IN THE PAST 12 MONTHS!!$35,000 to $49,999!!30 percent or more"
"S2507_C01_044MA","Annotation of Owner-occupied housing units without a mortgage!!Margin of Error!!MONTHLY HOUSING COSTS AS A PERCENTAGE OF HOUSEHOLD INCOME IN THE PAST 12 MONTHS!!$35,000 to $49,999!!30 percent or more"
"S2507_C01_044EA","Annotation of Owner-occupied housing units without a mortgage!!Estimate!!MONTHLY HOUSING COSTS AS A PERCENTAGE OF HOUSEHOLD INCOME IN THE PAST 12 MONTHS!!$35,000 to $49,999!!30 percent or more"
"S2507_C01_045E","Owner-occupied housing units without a mortgage!!Estimate!!MONTHLY HOUSING COSTS AS A PERCENTAGE OF HOUSEHOLD INCOME IN THE PAST 12 MONTHS!!$50,000 to $74,999"
"S2507_C01_045M","Owner-occupied housing units without a mortgage!!Margin of Error!!MONTHLY HOUSING COSTS AS A PERCENTAGE OF HOUSEHOLD INCOME IN THE PAST 12 MONTHS!!$50,000 to $74,999"
"S2507_C01_045MA","Annotation of Owner-occupied housing units without a mortgage!!Margin of Error!!MONTHLY HOUSING COSTS AS A PERCENTAGE OF HOUSEHOLD INCOME IN THE PAST 12 MONTHS!!$50,000 to $74,999"
"S2507_C01_045EA","Annotation of Owner-occupied housing units without a mortgage!!Estimate!!MONTHLY HOUSING COSTS AS A PERCENTAGE OF HOUSEHOLD INCOME IN THE PAST 12 MONTHS!!$50,000 to $74,999"
"S2507_C01_046E","Owner-occupied housing units without a mortgage!!Estimate!!MONTHLY HOUSING COSTS AS A PERCENTAGE OF HOUSEHOLD INCOME IN THE PAST 12 MONTHS!!$50,000 to $74,999!!Less than 20 percent"
"S2507_C01_046EA","Annotation of Owner-occupied housing units without a mortgage!!Estimate!!MONTHLY HOUSING COSTS AS A PERCENTAGE OF HOUSEHOLD INCOME IN THE PAST 12 MONTHS!!$50,000 to $74,999!!Less than 20 percent"
"S2507_C01_046M","Owner-occupied housing units without a mortgage!!Margin of Error!!MONTHLY HOUSING COSTS AS A PERCENTAGE OF HOUSEHOLD INCOME IN THE PAST 12 MONTHS!!$50,000 to $74,999!!Less than 20 percent"
"S2507_C01_046MA","Annotation of Owner-occupied housing units without a mortgage!!Margin of Error!!MONTHLY HOUSING COSTS AS A PERCENTAGE OF HOUSEHOLD INCOME IN THE PAST 12 MONTHS!!$50,000 to $74,999!!Less than 20 percent"
"S2507_C01_047E","Owner-occupied housing units without a mortgage!!Estimate!!MONTHLY HOUSING COSTS AS A PERCENTAGE OF HOUSEHOLD INCOME IN THE PAST 12 MONTHS!!$50,000 to $74,999!!20 to 29 percent"
"S2507_C01_047EA","Annotation of Owner-occupied housing units without a mortgage!!Estimate!!MONTHLY HOUSING COSTS AS A PERCENTAGE OF HOUSEHOLD INCOME IN THE PAST 12 MONTHS!!$50,000 to $74,999!!20 to 29 percent"
"S2507_C01_047M","Owner-occupied housing units without a mortgage!!Margin of Error!!MONTHLY HOUSING COSTS AS A PERCENTAGE OF HOUSEHOLD INCOME IN THE PAST 12 MONTHS!!$50,000 to $74,999!!20 to 29 percent"
"S2507_C01_047MA","Annotation of Owner-occupied housing units without a mortgage!!Margin of Error!!MONTHLY HOUSING COSTS AS A PERCENTAGE OF HOUSEHOLD INCOME IN THE PAST 12 MONTHS!!$50,000 to $74,999!!20 to 29 percent"
"S2507_C01_048E","Owner-occupied housing units without a mortgage!!Estimate!!MONTHLY HOUSING COSTS AS A PERCENTAGE OF HOUSEHOLD INCOME IN THE PAST 12 MONTHS!!$50,000 to $74,999!!30 percent or more"
"S2507_C01_048M","Owner-occupied housing units without a mortgage!!Margin of Error!!MONTHLY HOUSING COSTS AS A PERCENTAGE OF HOUSEHOLD INCOME IN THE PAST 12 MONTHS!!$50,000 to $74,999!!30 percent or more"
"S2507_C01_048MA","Annotation of Owner-occupied housing units without a mortgage!!Margin of Error!!MONTHLY HOUSING COSTS AS A PERCENTAGE OF HOUSEHOLD INCOME IN THE PAST 12 MONTHS!!$50,000 to $74,999!!30 percent or more"
"S2507_C01_048EA","Annotation of Owner-occupied housing units without a mortgage!!Estimate!!MONTHLY HOUSING COSTS AS A PERCENTAGE OF HOUSEHOLD INCOME IN THE PAST 12 MONTHS!!$50,000 to $74,999!!30 percent or more"
"S2507_C01_049E","Owner-occupied housing units without a mortgage!!Estimate!!MONTHLY HOUSING COSTS AS A PERCENTAGE OF HOUSEHOLD INCOME IN THE PAST 12 MONTHS!!$75,000 or more"
"S2507_C01_049M","Owner-occupied housing units without a mortgage!!Margin of Error!!MONTHLY HOUSING COSTS AS A PERCENTAGE OF HOUSEHOLD INCOME IN THE PAST 12 MONTHS!!$75,000 or more"
"S2507_C01_049MA","Annotation of Owner-occupied housing units without a mortgage!!Margin of Error!!MONTHLY HOUSING COSTS AS A PERCENTAGE OF HOUSEHOLD INCOME IN THE PAST 12 MONTHS!!$75,000 or more"
"S2507_C01_049EA","Annotation of Owner-occupied housing units without a mortgage!!Estimate!!MONTHLY HOUSING COSTS AS A PERCENTAGE OF HOUSEHOLD INCOME IN THE PAST 12 MONTHS!!$75,000 or more"
"S2507_C01_050E","Owner-occupied housing units without a mortgage!!Estimate!!MONTHLY HOUSING COSTS AS A PERCENTAGE OF HOUSEHOLD INCOME IN THE PAST 12 MONTHS!!$75,000 or more!!Less than 20 percent"
"S2507_C01_050M","Owner-occupied housing units without a mortgage!!Margin of Error!!MONTHLY HOUSING COSTS AS A PERCENTAGE OF HOUSEHOLD INCOME IN THE PAST 12 MONTHS!!$75,000 or more!!Less than 20 percent"
"S2507_C01_050MA","Annotation of Owner-occupied housing units without a mortgage!!Margin of Error!!MONTHLY HOUSING COSTS AS A PERCENTAGE OF HOUSEHOLD INCOME IN THE PAST 12 MONTHS!!$75,000 or more!!Less than 20 percent"
"S2507_C01_050EA","Annotation of Owner-occupied housing units without a mortgage!!Estimate!!MONTHLY HOUSING COSTS AS A PERCENTAGE OF HOUSEHOLD INCOME IN THE PAST 12 MONTHS!!$75,000 or more!!Less than 20 percent"
"S2507_C01_051E","Owner-occupied housing units without a mortgage!!Estimate!!MONTHLY HOUSING COSTS AS A PERCENTAGE OF HOUSEHOLD INCOME IN THE PAST 12 MONTHS!!$75,000 or more!!20 to 29 percent"
"S2507_C01_051EA","Annotation of Owner-occupied housing units without a mortgage!!Estimate!!MONTHLY HOUSING COSTS AS A PERCENTAGE OF HOUSEHOLD INCOME IN THE PAST 12 MONTHS!!$75,000 or more!!20 to 29 percent"
"S2507_C01_051M","Owner-occupied housing units without a mortgage!!Margin of Error!!MONTHLY HOUSING COSTS AS A PERCENTAGE OF HOUSEHOLD INCOME IN THE PAST 12 MONTHS!!$75,000 or more!!20 to 29 percent"
"S2507_C01_051MA","Annotation of Owner-occupied housing units without a mortgage!!Margin of Error!!MONTHLY HOUSING COSTS AS A PERCENTAGE OF HOUSEHOLD INCOME IN THE PAST 12 MONTHS!!$75,000 or more!!20 to 29 percent"
"S2507_C01_052E","Owner-occupied housing units without a mortgage!!Estimate!!MONTHLY HOUSING COSTS AS A PERCENTAGE OF HOUSEHOLD INCOME IN THE PAST 12 MONTHS!!$75,000 or more!!30 percent or more"
"S2507_C01_052EA","Annotation of Owner-occupied housing units without a mortgage!!Estimate!!MONTHLY HOUSING COSTS AS A PERCENTAGE OF HOUSEHOLD INCOME IN THE PAST 12 MONTHS!!$75,000 or more!!30 percent or more"
"S2507_C01_052M","Owner-occupied housing units without a mortgage!!Margin of Error!!MONTHLY HOUSING COSTS AS A PERCENTAGE OF HOUSEHOLD INCOME IN THE PAST 12 MONTHS!!$75,000 or more!!30 percent or more"
"S2507_C01_052MA","Annotation of Owner-occupied housing units without a mortgage!!Margin of Error!!MONTHLY HOUSING COSTS AS A PERCENTAGE OF HOUSEHOLD INCOME IN THE PAST 12 MONTHS!!$75,000 or more!!30 percent or more"
"S2507_C01_053E","Owner-occupied housing units without a mortgage!!Estimate!!MONTHLY HOUSING COSTS AS A PERCENTAGE OF HOUSEHOLD INCOME IN THE PAST 12 MONTHS!!Zero or negative income"
"S2507_C01_053M","Owner-occupied housing units without a mortgage!!Margin of Error!!MONTHLY HOUSING COSTS AS A PERCENTAGE OF HOUSEHOLD INCOME IN THE PAST 12 MONTHS!!Zero or negative income"
"S2507_C01_053MA","Annotation of Owner-occupied housing units without a mortgage!!Margin of Error!!MONTHLY HOUSING COSTS AS A PERCENTAGE OF HOUSEHOLD INCOME IN THE PAST 12 MONTHS!!Zero or negative income"
"S2507_C01_053EA","Annotation of Owner-occupied housing units without a mortgage!!Estimate!!MONTHLY HOUSING COSTS AS A PERCENTAGE OF HOUSEHOLD INCOME IN THE PAST 12 MONTHS!!Zero or negative income"
"S2507_C01_054E","Owner-occupied housing units without a mortgage!!Estimate!!REAL ESTATE TAXES!!Less than $800"
"S2507_C01_054M","Owner-occupied housing units without a mortgage!!Margin of Error!!REAL ESTATE TAXES!!Less than $800"
"S2507_C01_054MA","Annotation of Owner-occupied housing units without a mortgage!!Margin of Error!!REAL ESTATE TAXES!!Less than $800"
"S2507_C01_054EA","Annotation of Owner-occupied housing units without a mortgage!!Estimate!!REAL ESTATE TAXES!!Less than $800"
"S2507_C01_055E","Owner-occupied housing units without a mortgage!!Estimate!!REAL ESTATE TAXES!!$800 to $1,499"
"S2507_C01_055M","Owner-occupied housing units without a mortgage!!Margin of Error!!REAL ESTATE TAXES!!$800 to $1,499"
"S2507_C01_055MA","Annotation of Owner-occupied housing units without a mortgage!!Margin of Error!!REAL ESTATE TAXES!!$800 to $1,499"
"S2507_C01_055EA","Annotation of Owner-occupied housing units without a mortgage!!Estimate!!REAL ESTATE TAXES!!$800 to $1,499"
"S2507_C01_056E","Owner-occupied housing units without a mortgage!!Estimate!!REAL ESTATE TAXES!!$1,500 or more"
"S2507_C01_056M","Owner-occupied housing units without a mortgage!!Margin of Error!!REAL ESTATE TAXES!!$1,500 or more"
"S2507_C01_056MA","Annotation of Owner-occupied housing units without a mortgage!!Margin of Error!!REAL ESTATE TAXES!!$1,500 or more"
"S2507_C01_056EA","Annotation of Owner-occupied housing units without a mortgage!!Estimate!!REAL ESTATE TAXES!!$1,500 or more"
"S2507_C01_057E","Owner-occupied housing units without a mortgage!!Estimate!!REAL ESTATE TAXES!!No real estate taxes paid"
"S2507_C01_057EA","Annotation of Owner-occupied housing units without a mortgage!!Estimate!!REAL ESTATE TAXES!!No real estate taxes paid"
"S2507_C01_057M","Owner-occupied housing units without a mortgage!!Margin of Error!!REAL ESTATE TAXES!!No real estate taxes paid"
"S2507_C01_057MA","Annotation of Owner-occupied housing units without a mortgage!!Margin of Error!!REAL ESTATE TAXES!!No real estate taxes paid"
"S2507_C01_058E","Owner-occupied housing units without a mortgage!!Estimate!!REAL ESTATE TAXES!!Median (dollars)"
"S2507_C01_058EA","Annotation of Owner-occupied housing units without a mortgage!!Estimate!!REAL ESTATE TAXES!!Median (dollars)"
"S2507_C01_058M","Owner-occupied housing units without a mortgage!!Margin of Error!!REAL ESTATE TAXES!!Median (dollars)"
"S2507_C01_058MA","Annotation of Owner-occupied housing units without a mortgage!!Margin of Error!!REAL ESTATE TAXES!!Median (dollars)"
