"Column Name","Label"
"GEO_ID","Geography"
"NAME","Geographic Area Name"
"S1903_C01_001E","Total!!Estimate!!Households"
"S1903_C01_001EA","Annotation of Total!!Estimate!!Households"
"S1903_C01_001M","Total!!Margin of Error!!Households"
"S1903_C01_001MA","Annotation of Total!!Margin of Error!!Households"
"S1903_C02_001E","Median income (dollars)!!Estimate!!Households"
"S1903_C02_001M","Median income (dollars)!!Margin of Error!!Households"
"S1903_C02_001MA","Annotation of Median income (dollars)!!Margin of Error!!Households"
"S1903_C02_001EA","Annotation of Median income (dollars)!!Estimate!!Households"
"S1903_C01_002E","Total!!Estimate!!Households!!One race!!White"
"S1903_C01_002M","Total!!Margin of Error!!Households!!One race!!White"
"S1903_C01_002MA","Annotation of Total!!Margin of Error!!Households!!One race!!White"
"S1903_C01_002EA","Annotation of Total!!Estimate!!Households!!One race!!White"
"S1903_C02_002E","Median income (dollars)!!Estimate!!Households!!One race!!White"
"S1903_C02_002EA","Annotation of Median income (dollars)!!Estimate!!Households!!One race!!White"
"S1903_C02_002M","Median income (dollars)!!Margin of Error!!Households!!One race!!White"
"S1903_C02_002MA","Annotation of Median income (dollars)!!Margin of Error!!Households!!One race!!White"
"S1903_C01_003E","Total!!Estimate!!Households!!One race!!Black or African American"
"S1903_C01_003M","Total!!Margin of Error!!Households!!One race!!Black or African American"
"S1903_C01_003MA","Annotation of Total!!Margin of Error!!Households!!One race!!Black or African American"
"S1903_C01_003EA","Annotation of Total!!Estimate!!Households!!One race!!Black or African American"
"S1903_C02_003E","Median income (dollars)!!Estimate!!Households!!One race!!Black or African American"
"S1903_C02_003EA","Annotation of Median income (dollars)!!Estimate!!Households!!One race!!Black or African American"
"S1903_C02_003M","Median income (dollars)!!Margin of Error!!Households!!One race!!Black or African American"
"S1903_C02_003MA","Annotation of Median income (dollars)!!Margin of Error!!Households!!One race!!Black or African American"
"S1903_C01_004E","Total!!Estimate!!Households!!One race!!American Indian and Alaska Native"
"S1903_C01_004EA","Annotation of Total!!Estimate!!Households!!One race!!American Indian and Alaska Native"
"S1903_C01_004M","Total!!Margin of Error!!Households!!One race!!American Indian and Alaska Native"
"S1903_C01_004MA","Annotation of Total!!Margin of Error!!Households!!One race!!American Indian and Alaska Native"
"S1903_C02_004E","Median income (dollars)!!Estimate!!Households!!One race!!American Indian and Alaska Native"
"S1903_C02_004M","Median income (dollars)!!Margin of Error!!Households!!One race!!American Indian and Alaska Native"
"S1903_C02_004MA","Annotation of Median income (dollars)!!Margin of Error!!Households!!One race!!American Indian and Alaska Native"
"S1903_C02_004EA","Annotation of Median income (dollars)!!Estimate!!Households!!One race!!American Indian and Alaska Native"
"S1903_C01_005E","Total!!Estimate!!Households!!One race!!Asian"
"S1903_C01_005EA","Annotation of Total!!Estimate!!Households!!One race!!Asian"
"S1903_C01_005M","Total!!Margin of Error!!Households!!One race!!Asian"
"S1903_C01_005MA","Annotation of Total!!Margin of Error!!Households!!One race!!Asian"
"S1903_C02_005E","Median income (dollars)!!Estimate!!Households!!One race!!Asian"
"S1903_C02_005M","Median income (dollars)!!Margin of Error!!Households!!One race!!Asian"
"S1903_C02_005MA","Annotation of Median income (dollars)!!Margin of Error!!Households!!One race!!Asian"
"S1903_C02_005EA","Annotation of Median income (dollars)!!Estimate!!Households!!One race!!Asian"
"S1903_C01_006E","Total!!Estimate!!Households!!One race!!Native Hawaiian and Other Pacific Islander"
"S1903_C01_006EA","Annotation of Total!!Estimate!!Households!!One race!!Native Hawaiian and Other Pacific Islander"
"S1903_C01_006M","Total!!Margin of Error!!Households!!One race!!Native Hawaiian and Other Pacific Islander"
"S1903_C01_006MA","Annotation of Total!!Margin of Error!!Households!!One race!!Native Hawaiian and Other Pacific Islander"
"S1903_C02_006E","Median income (dollars)!!Estimate!!Households!!One race!!Native Hawaiian and Other Pacific Islander"
"S1903_C02_006M","Median income (dollars)!!Margin of Error!!Households!!One race!!Native Hawaiian and Other Pacific Islander"
"S1903_C02_006MA","Annotation of Median income (dollars)!!Margin of Error!!Households!!One race!!Native Hawaiian and Other Pacific Islander"
"S1903_C02_006EA","Annotation of Median income (dollars)!!Estimate!!Households!!One race!!Native Hawaiian and Other Pacific Islander"
"S1903_C01_007E","Total!!Estimate!!Households!!One race!!Some other race"
"S1903_C01_007M","Total!!Margin of Error!!Households!!One race!!Some other race"
"S1903_C01_007MA","Annotation of Total!!Margin of Error!!Households!!One race!!Some other race"
"S1903_C01_007EA","Annotation of Total!!Estimate!!Households!!One race!!Some other race"
"S1903_C02_007E","Median income (dollars)!!Estimate!!Households!!One race!!Some other race"
"S1903_C02_007EA","Annotation of Median income (dollars)!!Estimate!!Households!!One race!!Some other race"
"S1903_C02_007M","Median income (dollars)!!Margin of Error!!Households!!One race!!Some other race"
"S1903_C02_007MA","Annotation of Median income (dollars)!!Margin of Error!!Households!!One race!!Some other race"
"S1903_C01_008E","Total!!Estimate!!Households!!Two or more races"
"S1903_C01_008M","Total!!Margin of Error!!Households!!Two or more races"
"S1903_C01_008MA","Annotation of Total!!Margin of Error!!Households!!Two or more races"
"S1903_C01_008EA","Annotation of Total!!Estimate!!Households!!Two or more races"
"S1903_C02_008E","Median income (dollars)!!Estimate!!Households!!Two or more races"
"S1903_C02_008EA","Annotation of Median income (dollars)!!Estimate!!Households!!Two or more races"
"S1903_C02_008M","Median income (dollars)!!Margin of Error!!Households!!Two or more races"
"S1903_C02_008MA","Annotation of Median income (dollars)!!Margin of Error!!Households!!Two or more races"
"S1903_C01_009E","Total!!Estimate!!Hispanic or Latino origin (of any race)"
"S1903_C01_009M","Total!!Margin of Error!!Hispanic or Latino origin (of any race)"
"S1903_C01_009MA","Annotation of Total!!Margin of Error!!Hispanic or Latino origin (of any race)"
"S1903_C01_009EA","Annotation of Total!!Estimate!!Hispanic or Latino origin (of any race)"
"S1903_C02_009E","Median income (dollars)!!Estimate!!Hispanic or Latino origin (of any race)"
"S1903_C02_009M","Median income (dollars)!!Margin of Error!!Hispanic or Latino origin (of any race)"
"S1903_C02_009MA","Annotation of Median income (dollars)!!Margin of Error!!Hispanic or Latino origin (of any race)"
"S1903_C02_009EA","Annotation of Median income (dollars)!!Estimate!!Hispanic or Latino origin (of any race)"
"S1903_C01_010E","Total!!Estimate!!White alone, not Hispanic or Latino"
"S1903_C01_010EA","Annotation of Total!!Estimate!!White alone, not Hispanic or Latino"
"S1903_C01_010M","Total!!Margin of Error!!White alone, not Hispanic or Latino"
"S1903_C01_010MA","Annotation of Total!!Margin of Error!!White alone, not Hispanic or Latino"
"S1903_C02_010E","Median income (dollars)!!Estimate!!White alone, not Hispanic or Latino"
"S1903_C02_010M","Median income (dollars)!!Margin of Error!!White alone, not Hispanic or Latino"
"S1903_C02_010MA","Annotation of Median income (dollars)!!Margin of Error!!White alone, not Hispanic or Latino"
"S1903_C02_010EA","Annotation of Median income (dollars)!!Estimate!!White alone, not Hispanic or Latino"
"S1903_C01_011E","Total!!Estimate!!HOUSEHOLD INCOME BY AGE OF HOUSEHOLDER!!15 to 24 years"
"S1903_C01_011EA","Annotation of Total!!Estimate!!HOUSEHOLD INCOME BY AGE OF HOUSEHOLDER!!15 to 24 years"
"S1903_C01_011M","Total!!Margin of Error!!HOUSEHOLD INCOME BY AGE OF HOUSEHOLDER!!15 to 24 years"
"S1903_C01_011MA","Annotation of Total!!Margin of Error!!HOUSEHOLD INCOME BY AGE OF HOUSEHOLDER!!15 to 24 years"
"S1903_C02_011E","Median income (dollars)!!Estimate!!HOUSEHOLD INCOME BY AGE OF HOUSEHOLDER!!15 to 24 years"
"S1903_C02_011M","Median income (dollars)!!Margin of Error!!HOUSEHOLD INCOME BY AGE OF HOUSEHOLDER!!15 to 24 years"
"S1903_C02_011MA","Annotation of Median income (dollars)!!Margin of Error!!HOUSEHOLD INCOME BY AGE OF HOUSEHOLDER!!15 to 24 years"
"S1903_C02_011EA","Annotation of Median income (dollars)!!Estimate!!HOUSEHOLD INCOME BY AGE OF HOUSEHOLDER!!15 to 24 years"
"S1903_C01_012E","Total!!Estimate!!HOUSEHOLD INCOME BY AGE OF HOUSEHOLDER!!25 to 44 years"
"S1903_C01_012EA","Annotation of Total!!Estimate!!HOUSEHOLD INCOME BY AGE OF HOUSEHOLDER!!25 to 44 years"
"S1903_C01_012M","Total!!Margin of Error!!HOUSEHOLD INCOME BY AGE OF HOUSEHOLDER!!25 to 44 years"
"S1903_C01_012MA","Annotation of Total!!Margin of Error!!HOUSEHOLD INCOME BY AGE OF HOUSEHOLDER!!25 to 44 years"
"S1903_C02_012E","Median income (dollars)!!Estimate!!HOUSEHOLD INCOME BY AGE OF HOUSEHOLDER!!25 to 44 years"
"S1903_C02_012EA","Annotation of Median income (dollars)!!Estimate!!HOUSEHOLD INCOME BY AGE OF HOUSEHOLDER!!25 to 44 years"
"S1903_C02_012M","Median income (dollars)!!Margin of Error!!HOUSEHOLD INCOME BY AGE OF HOUSEHOLDER!!25 to 44 years"
"S1903_C02_012MA","Annotation of Median income (dollars)!!Margin of Error!!HOUSEHOLD INCOME BY AGE OF HOUSEHOLDER!!25 to 44 years"
"S1903_C01_013E","Total!!Estimate!!HOUSEHOLD INCOME BY AGE OF HOUSEHOLDER!!45 to 64 years"
"S1903_C01_013EA","Annotation of Total!!Estimate!!HOUSEHOLD INCOME BY AGE OF HOUSEHOLDER!!45 to 64 years"
"S1903_C01_013M","Total!!Margin of Error!!HOUSEHOLD INCOME BY AGE OF HOUSEHOLDER!!45 to 64 years"
"S1903_C01_013MA","Annotation of Total!!Margin of Error!!HOUSEHOLD INCOME BY AGE OF HOUSEHOLDER!!45 to 64 years"
"S1903_C02_013E","Median income (dollars)!!Estimate!!HOUSEHOLD INCOME BY AGE OF HOUSEHOLDER!!45 to 64 years"
"S1903_C02_013M","Median income (dollars)!!Margin of Error!!HOUSEHOLD INCOME BY AGE OF HOUSEHOLDER!!45 to 64 years"
"S1903_C02_013MA","Annotation of Median income (dollars)!!Margin of Error!!HOUSEHOLD INCOME BY AGE OF HOUSEHOLDER!!45 to 64 years"
"S1903_C02_013EA","Annotation of Median income (dollars)!!Estimate!!HOUSEHOLD INCOME BY AGE OF HOUSEHOLDER!!45 to 64 years"
"S1903_C01_014E","Total!!Estimate!!HOUSEHOLD INCOME BY AGE OF HOUSEHOLDER!!65 years and over"
"S1903_C01_014M","Total!!Margin of Error!!HOUSEHOLD INCOME BY AGE OF HOUSEHOLDER!!65 years and over"
"S1903_C01_014MA","Annotation of Total!!Margin of Error!!HOUSEHOLD INCOME BY AGE OF HOUSEHOLDER!!65 years and over"
"S1903_C01_014EA","Annotation of Total!!Estimate!!HOUSEHOLD INCOME BY AGE OF HOUSEHOLDER!!65 years and over"
"S1903_C02_014E","Median income (dollars)!!Estimate!!HOUSEHOLD INCOME BY AGE OF HOUSEHOLDER!!65 years and over"
"S1903_C02_014EA","Annotation of Median income (dollars)!!Estimate!!HOUSEHOLD INCOME BY AGE OF HOUSEHOLDER!!65 years and over"
"S1903_C02_014M","Median income (dollars)!!Margin of Error!!HOUSEHOLD INCOME BY AGE OF HOUSEHOLDER!!65 years and over"
"S1903_C02_014MA","Annotation of Median income (dollars)!!Margin of Error!!HOUSEHOLD INCOME BY AGE OF HOUSEHOLDER!!65 years and over"
"S1903_C01_015E","Total!!Estimate!!FAMILIES!!Families"
"S1903_C01_015EA","Annotation of Total!!Estimate!!FAMILIES!!Families"
"S1903_C01_015M","Total!!Margin of Error!!FAMILIES!!Families"
"S1903_C01_015MA","Annotation of Total!!Margin of Error!!FAMILIES!!Families"
"S1903_C02_015E","Median income (dollars)!!Estimate!!FAMILIES!!Families"
"S1903_C02_015EA","Annotation of Median income (dollars)!!Estimate!!FAMILIES!!Families"
"S1903_C02_015M","Median income (dollars)!!Margin of Error!!FAMILIES!!Families"
"S1903_C02_015MA","Annotation of Median income (dollars)!!Margin of Error!!FAMILIES!!Families"
"S1903_C01_016E","Total!!Estimate!!FAMILIES!!Families!!With own children of householder under 18 years"
"S1903_C01_016EA","Annotation of Total!!Estimate!!FAMILIES!!Families!!With own children of householder under 18 years"
"S1903_C01_016M","Total!!Margin of Error!!FAMILIES!!Families!!With own children of householder under 18 years"
"S1903_C01_016MA","Annotation of Total!!Margin of Error!!FAMILIES!!Families!!With own children of householder under 18 years"
"S1903_C02_016E","Median income (dollars)!!Estimate!!FAMILIES!!Families!!With own children of householder under 18 years"
"S1903_C02_016EA","Annotation of Median income (dollars)!!Estimate!!FAMILIES!!Families!!With own children of householder under 18 years"
"S1903_C02_016M","Median income (dollars)!!Margin of Error!!FAMILIES!!Families!!With own children of householder under 18 years"
"S1903_C02_016MA","Annotation of Median income (dollars)!!Margin of Error!!FAMILIES!!Families!!With own children of householder under 18 years"
"S1903_C01_017E","Total!!Estimate!!FAMILIES!!Families!!With no own children of householder under 18 years"
"S1903_C01_017M","Total!!Margin of Error!!FAMILIES!!Families!!With no own children of householder under 18 years"
"S1903_C01_017MA","Annotation of Total!!Margin of Error!!FAMILIES!!Families!!With no own children of householder under 18 years"
"S1903_C01_017EA","Annotation of Total!!Estimate!!FAMILIES!!Families!!With no own children of householder under 18 years"
"S1903_C02_017E","Median income (dollars)!!Estimate!!FAMILIES!!Families!!With no own children of householder under 18 years"
"S1903_C02_017EA","Annotation of Median income (dollars)!!Estimate!!FAMILIES!!Families!!With no own children of householder under 18 years"
"S1903_C02_017M","Median income (dollars)!!Margin of Error!!FAMILIES!!Families!!With no own children of householder under 18 years"
"S1903_C02_017MA","Annotation of Median income (dollars)!!Margin of Error!!FAMILIES!!Families!!With no own children of householder under 18 years"
"S1903_C01_018E","Total!!Estimate!!FAMILIES!!Families!!Married-couple families"
"S1903_C01_018M","Total!!Margin of Error!!FAMILIES!!Families!!Married-couple families"
"S1903_C01_018MA","Annotation of Total!!Margin of Error!!FAMILIES!!Families!!Married-couple families"
"S1903_C01_018EA","Annotation of Total!!Estimate!!FAMILIES!!Families!!Married-couple families"
"S1903_C02_018E","Median income (dollars)!!Estimate!!FAMILIES!!Families!!Married-couple families"
"S1903_C02_018M","Median income (dollars)!!Margin of Error!!FAMILIES!!Families!!Married-couple families"
"S1903_C02_018MA","Annotation of Median income (dollars)!!Margin of Error!!FAMILIES!!Families!!Married-couple families"
"S1903_C02_018EA","Annotation of Median income (dollars)!!Estimate!!FAMILIES!!Families!!Married-couple families"
"S1903_C01_019E","Total!!Estimate!!FAMILIES!!Families!!Female householder, no husband present"
"S1903_C01_019M","Total!!Margin of Error!!FAMILIES!!Families!!Female householder, no husband present"
"S1903_C01_019MA","Annotation of Total!!Margin of Error!!FAMILIES!!Families!!Female householder, no husband present"
"S1903_C01_019EA","Annotation of Total!!Estimate!!FAMILIES!!Families!!Female householder, no husband present"
"S1903_C02_019E","Median income (dollars)!!Estimate!!FAMILIES!!Families!!Female householder, no husband present"
"S1903_C02_019EA","Annotation of Median income (dollars)!!Estimate!!FAMILIES!!Families!!Female householder, no husband present"
"S1903_C02_019M","Median income (dollars)!!Margin of Error!!FAMILIES!!Families!!Female householder, no husband present"
"S1903_C02_019MA","Annotation of Median income (dollars)!!Margin of Error!!FAMILIES!!Families!!Female householder, no husband present"
"S1903_C01_020E","Total!!Estimate!!FAMILIES!!Families!!Male householder, no wife present"
"S1903_C01_020M","Total!!Margin of Error!!FAMILIES!!Families!!Male householder, no wife present"
"S1903_C01_020MA","Annotation of Total!!Margin of Error!!FAMILIES!!Families!!Male householder, no wife present"
"S1903_C01_020EA","Annotation of Total!!Estimate!!FAMILIES!!Families!!Male householder, no wife present"
"S1903_C02_020E","Median income (dollars)!!Estimate!!FAMILIES!!Families!!Male householder, no wife present"
"S1903_C02_020M","Median income (dollars)!!Margin of Error!!FAMILIES!!Families!!Male householder, no wife present"
"S1903_C02_020MA","Annotation of Median income (dollars)!!Margin of Error!!FAMILIES!!Families!!Male householder, no wife present"
"S1903_C02_020EA","Annotation of Median income (dollars)!!Estimate!!FAMILIES!!Families!!Male householder, no wife present"
"S1903_C01_021E","Total!!Estimate!!NONFAMILY HOUSEHOLDS!!Nonfamily households"
"S1903_C01_021EA","Annotation of Total!!Estimate!!NONFAMILY HOUSEHOLDS!!Nonfamily households"
"S1903_C01_021M","Total!!Margin of Error!!NONFAMILY HOUSEHOLDS!!Nonfamily households"
"S1903_C01_021MA","Annotation of Total!!Margin of Error!!NONFAMILY HOUSEHOLDS!!Nonfamily households"
"S1903_C02_021E","Median income (dollars)!!Estimate!!NONFAMILY HOUSEHOLDS!!Nonfamily households"
"S1903_C02_021M","Median income (dollars)!!Margin of Error!!NONFAMILY HOUSEHOLDS!!Nonfamily households"
"S1903_C02_021MA","Annotation of Median income (dollars)!!Margin of Error!!NONFAMILY HOUSEHOLDS!!Nonfamily households"
"S1903_C02_021EA","Annotation of Median income (dollars)!!Estimate!!NONFAMILY HOUSEHOLDS!!Nonfamily households"
"S1903_C01_022E","Total!!Estimate!!NONFAMILY HOUSEHOLDS!!Nonfamily households!!Female householder"
"S1903_C01_022EA","Annotation of Total!!Estimate!!NONFAMILY HOUSEHOLDS!!Nonfamily households!!Female householder"
"S1903_C01_022M","Total!!Margin of Error!!NONFAMILY HOUSEHOLDS!!Nonfamily households!!Female householder"
"S1903_C01_022MA","Annotation of Total!!Margin of Error!!NONFAMILY HOUSEHOLDS!!Nonfamily households!!Female householder"
"S1903_C02_022E","Median income (dollars)!!Estimate!!NONFAMILY HOUSEHOLDS!!Nonfamily households!!Female householder"
"S1903_C02_022EA","Annotation of Median income (dollars)!!Estimate!!NONFAMILY HOUSEHOLDS!!Nonfamily households!!Female householder"
"S1903_C02_022M","Median income (dollars)!!Margin of Error!!NONFAMILY HOUSEHOLDS!!Nonfamily households!!Female householder"
"S1903_C02_022MA","Annotation of Median income (dollars)!!Margin of Error!!NONFAMILY HOUSEHOLDS!!Nonfamily households!!Female householder"
"S1903_C01_023E","Total!!Estimate!!NONFAMILY HOUSEHOLDS!!Nonfamily households!!Female householder!!Living alone"
"S1903_C01_023EA","Annotation of Total!!Estimate!!NONFAMILY HOUSEHOLDS!!Nonfamily households!!Female householder!!Living alone"
"S1903_C01_023M","Total!!Margin of Error!!NONFAMILY HOUSEHOLDS!!Nonfamily households!!Female householder!!Living alone"
"S1903_C01_023MA","Annotation of Total!!Margin of Error!!NONFAMILY HOUSEHOLDS!!Nonfamily households!!Female householder!!Living alone"
"S1903_C02_023E","Median income (dollars)!!Estimate!!NONFAMILY HOUSEHOLDS!!Nonfamily households!!Female householder!!Living alone"
"S1903_C02_023EA","Annotation of Median income (dollars)!!Estimate!!NONFAMILY HOUSEHOLDS!!Nonfamily households!!Female householder!!Living alone"
"S1903_C02_023M","Median income (dollars)!!Margin of Error!!NONFAMILY HOUSEHOLDS!!Nonfamily households!!Female householder!!Living alone"
"S1903_C02_023MA","Annotation of Median income (dollars)!!Margin of Error!!NONFAMILY HOUSEHOLDS!!Nonfamily households!!Female householder!!Living alone"
"S1903_C01_024E","Total!!Estimate!!NONFAMILY HOUSEHOLDS!!Nonfamily households!!Female householder!!Not living alone"
"S1903_C01_024M","Total!!Margin of Error!!NONFAMILY HOUSEHOLDS!!Nonfamily households!!Female householder!!Not living alone"
"S1903_C01_024MA","Annotation of Total!!Margin of Error!!NONFAMILY HOUSEHOLDS!!Nonfamily households!!Female householder!!Not living alone"
"S1903_C01_024EA","Annotation of Total!!Estimate!!NONFAMILY HOUSEHOLDS!!Nonfamily households!!Female householder!!Not living alone"
"S1903_C02_024E","Median income (dollars)!!Estimate!!NONFAMILY HOUSEHOLDS!!Nonfamily households!!Female householder!!Not living alone"
"S1903_C02_024EA","Annotation of Median income (dollars)!!Estimate!!NONFAMILY HOUSEHOLDS!!Nonfamily households!!Female householder!!Not living alone"
"S1903_C02_024M","Median income (dollars)!!Margin of Error!!NONFAMILY HOUSEHOLDS!!Nonfamily households!!Female householder!!Not living alone"
"S1903_C02_024MA","Annotation of Median income (dollars)!!Margin of Error!!NONFAMILY HOUSEHOLDS!!Nonfamily households!!Female householder!!Not living alone"
"S1903_C01_025E","Total!!Estimate!!NONFAMILY HOUSEHOLDS!!Nonfamily households!!Male householder"
"S1903_C01_025M","Total!!Margin of Error!!NONFAMILY HOUSEHOLDS!!Nonfamily households!!Male householder"
"S1903_C01_025MA","Annotation of Total!!Margin of Error!!NONFAMILY HOUSEHOLDS!!Nonfamily households!!Male householder"
"S1903_C01_025EA","Annotation of Total!!Estimate!!NONFAMILY HOUSEHOLDS!!Nonfamily households!!Male householder"
"S1903_C02_025E","Median income (dollars)!!Estimate!!NONFAMILY HOUSEHOLDS!!Nonfamily households!!Male householder"
"S1903_C02_025EA","Annotation of Median income (dollars)!!Estimate!!NONFAMILY HOUSEHOLDS!!Nonfamily households!!Male householder"
"S1903_C02_025M","Median income (dollars)!!Margin of Error!!NONFAMILY HOUSEHOLDS!!Nonfamily households!!Male householder"
"S1903_C02_025MA","Annotation of Median income (dollars)!!Margin of Error!!NONFAMILY HOUSEHOLDS!!Nonfamily households!!Male householder"
"S1903_C01_026E","Total!!Estimate!!NONFAMILY HOUSEHOLDS!!Nonfamily households!!Male householder!!Living alone"
"S1903_C01_026EA","Annotation of Total!!Estimate!!NONFAMILY HOUSEHOLDS!!Nonfamily households!!Male householder!!Living alone"
"S1903_C01_026M","Total!!Margin of Error!!NONFAMILY HOUSEHOLDS!!Nonfamily households!!Male householder!!Living alone"
"S1903_C01_026MA","Annotation of Total!!Margin of Error!!NONFAMILY HOUSEHOLDS!!Nonfamily households!!Male householder!!Living alone"
"S1903_C02_026E","Median income (dollars)!!Estimate!!NONFAMILY HOUSEHOLDS!!Nonfamily households!!Male householder!!Living alone"
"S1903_C02_026EA","Annotation of Median income (dollars)!!Estimate!!NONFAMILY HOUSEHOLDS!!Nonfamily households!!Male householder!!Living alone"
"S1903_C02_026M","Median income (dollars)!!Margin of Error!!NONFAMILY HOUSEHOLDS!!Nonfamily households!!Male householder!!Living alone"
"S1903_C02_026MA","Annotation of Median income (dollars)!!Margin of Error!!NONFAMILY HOUSEHOLDS!!Nonfamily households!!Male householder!!Living alone"
"S1903_C01_027E","Total!!Estimate!!NONFAMILY HOUSEHOLDS!!Nonfamily households!!Male householder!!Not living alone"
"S1903_C01_027EA","Annotation of Total!!Estimate!!NONFAMILY HOUSEHOLDS!!Nonfamily households!!Male householder!!Not living alone"
"S1903_C01_027M","Total!!Margin of Error!!NONFAMILY HOUSEHOLDS!!Nonfamily households!!Male householder!!Not living alone"
"S1903_C01_027MA","Annotation of Total!!Margin of Error!!NONFAMILY HOUSEHOLDS!!Nonfamily households!!Male householder!!Not living alone"
"S1903_C02_027E","Median income (dollars)!!Estimate!!NONFAMILY HOUSEHOLDS!!Nonfamily households!!Male householder!!Not living alone"
"S1903_C02_027EA","Annotation of Median income (dollars)!!Estimate!!NONFAMILY HOUSEHOLDS!!Nonfamily households!!Male householder!!Not living alone"
"S1903_C02_027M","Median income (dollars)!!Margin of Error!!NONFAMILY HOUSEHOLDS!!Nonfamily households!!Male householder!!Not living alone"
"S1903_C02_027MA","Annotation of Median income (dollars)!!Margin of Error!!NONFAMILY HOUSEHOLDS!!Nonfamily households!!Male householder!!Not living alone"
"S1903_C01_028E","Total!!Estimate!!PERCENT IMPUTED!!Household income in the past 12 months"
"S1903_C01_028M","Total!!Margin of Error!!PERCENT IMPUTED!!Household income in the past 12 months"
"S1903_C01_028MA","Annotation of Total!!Margin of Error!!PERCENT IMPUTED!!Household income in the past 12 months"
"S1903_C01_028EA","Annotation of Total!!Estimate!!PERCENT IMPUTED!!Household income in the past 12 months"
"S1903_C02_028E","Median income (dollars)!!Estimate!!PERCENT IMPUTED!!Household income in the past 12 months"
"S1903_C02_028M","Median income (dollars)!!Margin of Error!!PERCENT IMPUTED!!Household income in the past 12 months"
"S1903_C02_028MA","Annotation of Median income (dollars)!!Margin of Error!!PERCENT IMPUTED!!Household income in the past 12 months"
"S1903_C02_028EA","Annotation of Median income (dollars)!!Estimate!!PERCENT IMPUTED!!Household income in the past 12 months"
"S1903_C01_029E","Total!!Estimate!!PERCENT IMPUTED!!Family income in the past 12 months"
"S1903_C01_029M","Total!!Margin of Error!!PERCENT IMPUTED!!Family income in the past 12 months"
"S1903_C01_029MA","Annotation of Total!!Margin of Error!!PERCENT IMPUTED!!Family income in the past 12 months"
"S1903_C01_029EA","Annotation of Total!!Estimate!!PERCENT IMPUTED!!Family income in the past 12 months"
"S1903_C02_029E","Median income (dollars)!!Estimate!!PERCENT IMPUTED!!Family income in the past 12 months"
"S1903_C02_029EA","Annotation of Median income (dollars)!!Estimate!!PERCENT IMPUTED!!Family income in the past 12 months"
"S1903_C02_029M","Median income (dollars)!!Margin of Error!!PERCENT IMPUTED!!Family income in the past 12 months"
"S1903_C02_029MA","Annotation of Median income (dollars)!!Margin of Error!!PERCENT IMPUTED!!Family income in the past 12 months"
"S1903_C01_030E","Total!!Estimate!!PERCENT IMPUTED!!Nonfamily income in the past 12 months"
"S1903_C01_030M","Total!!Margin of Error!!PERCENT IMPUTED!!Nonfamily income in the past 12 months"
"S1903_C01_030MA","Annotation of Total!!Margin of Error!!PERCENT IMPUTED!!Nonfamily income in the past 12 months"
"S1903_C01_030EA","Annotation of Total!!Estimate!!PERCENT IMPUTED!!Nonfamily income in the past 12 months"
"S1903_C02_030E","Median income (dollars)!!Estimate!!PERCENT IMPUTED!!Nonfamily income in the past 12 months"
"S1903_C02_030EA","Annotation of Median income (dollars)!!Estimate!!PERCENT IMPUTED!!Nonfamily income in the past 12 months"
"S1903_C02_030M","Median income (dollars)!!Margin of Error!!PERCENT IMPUTED!!Nonfamily income in the past 12 months"
"S1903_C02_030MA","Annotation of Median income (dollars)!!Margin of Error!!PERCENT IMPUTED!!Nonfamily income in the past 12 months"
