"Column Name","Label"
"GEO_ID","Geography"
"NAME","Geographic Area Name"
"S2301_C01_001E","Estimate!!Total!!Population 16 years and over"
"S2301_C01_001M","Margin of Error!!Total MOE!!Population 16 years and over"
"S2301_C01_001MA","Annotation of Margin of Error!!Total MOE!!Population 16 years and over"
"S2301_C01_001EA","Annotation of Estimate!!Total!!Population 16 years and over"
"S2301_C01_002E","Estimate!!Total!!Population 16 years and over!!AGE!!16 to 19 years"
"S2301_C01_002M","Margin of Error!!Total MOE!!Population 16 years and over!!AGE!!16 to 19 years"
"S2301_C01_002MA","Annotation of Margin of Error!!Total MOE!!Population 16 years and over!!AGE!!16 to 19 years"
"S2301_C01_002EA","Annotation of Estimate!!Total!!Population 16 years and over!!AGE!!16 to 19 years"
"S2301_C01_003E","Estimate!!Total!!Population 16 years and over!!AGE!!20 to 24 years"
"S2301_C01_003M","Margin of Error!!Total MOE!!Population 16 years and over!!AGE!!20 to 24 years"
"S2301_C01_003MA","Annotation of Margin of Error!!Total MOE!!Population 16 years and over!!AGE!!20 to 24 years"
"S2301_C01_003EA","Annotation of Estimate!!Total!!Population 16 years and over!!AGE!!20 to 24 years"
"S2301_C01_004E","Estimate!!Total!!Population 16 years and over!!AGE!!25 to 29 years"
"S2301_C01_004M","Margin of Error!!Total MOE!!Population 16 years and over!!AGE!!25 to 29 years"
"S2301_C01_004MA","Annotation of Margin of Error!!Total MOE!!Population 16 years and over!!AGE!!25 to 29 years"
"S2301_C01_004EA","Annotation of Estimate!!Total!!Population 16 years and over!!AGE!!25 to 29 years"
"S2301_C01_005E","Estimate!!Total!!Population 16 years and over!!AGE!!30 to 34 years"
"S2301_C01_005M","Margin of Error!!Total MOE!!Population 16 years and over!!AGE!!30 to 34 years"
"S2301_C01_005MA","Annotation of Margin of Error!!Total MOE!!Population 16 years and over!!AGE!!30 to 34 years"
"S2301_C01_005EA","Annotation of Estimate!!Total!!Population 16 years and over!!AGE!!30 to 34 years"
"S2301_C01_006E","Estimate!!Total!!Population 16 years and over!!AGE!!35 to 44 years"
"S2301_C01_006M","Margin of Error!!Total MOE!!Population 16 years and over!!AGE!!35 to 44 years"
"S2301_C01_006MA","Annotation of Margin of Error!!Total MOE!!Population 16 years and over!!AGE!!35 to 44 years"
"S2301_C01_006EA","Annotation of Estimate!!Total!!Population 16 years and over!!AGE!!35 to 44 years"
"S2301_C01_007E","Estimate!!Total!!Population 16 years and over!!AGE!!45 to 54 years"
"S2301_C01_007M","Margin of Error!!Total MOE!!Population 16 years and over!!AGE!!45 to 54 years"
"S2301_C01_007MA","Annotation of Margin of Error!!Total MOE!!Population 16 years and over!!AGE!!45 to 54 years"
"S2301_C01_007EA","Annotation of Estimate!!Total!!Population 16 years and over!!AGE!!45 to 54 years"
"S2301_C01_008E","Estimate!!Total!!Population 16 years and over!!AGE!!55 to 59 years"
"S2301_C01_008M","Margin of Error!!Total MOE!!Population 16 years and over!!AGE!!55 to 59 years"
"S2301_C01_008MA","Annotation of Margin of Error!!Total MOE!!Population 16 years and over!!AGE!!55 to 59 years"
"S2301_C01_008EA","Annotation of Estimate!!Total!!Population 16 years and over!!AGE!!55 to 59 years"
"S2301_C01_009E","Estimate!!Total!!Population 16 years and over!!AGE!!60 to 64 years"
"S2301_C01_009M","Margin of Error!!Total MOE!!Population 16 years and over!!AGE!!60 to 64 years"
"S2301_C01_009MA","Annotation of Margin of Error!!Total MOE!!Population 16 years and over!!AGE!!60 to 64 years"
"S2301_C01_009EA","Annotation of Estimate!!Total!!Population 16 years and over!!AGE!!60 to 64 years"
"S2301_C01_010E","Estimate!!Total!!Population 16 years and over!!AGE!!65 to 74 years"
"S2301_C01_010M","Margin of Error!!Total MOE!!Population 16 years and over!!AGE!!65 to 74 years"
"S2301_C01_010MA","Annotation of Margin of Error!!Total MOE!!Population 16 years and over!!AGE!!65 to 74 years"
"S2301_C01_010EA","Annotation of Estimate!!Total!!Population 16 years and over!!AGE!!65 to 74 years"
"S2301_C01_011E","Estimate!!Total!!Population 16 years and over!!AGE!!75 years and over"
"S2301_C01_011EA","Annotation of Estimate!!Total!!Population 16 years and over!!AGE!!75 years and over"
"S2301_C01_011M","Margin of Error!!Total MOE!!Population 16 years and over!!AGE!!75 years and over"
"S2301_C01_011MA","Annotation of Margin of Error!!Total MOE!!Population 16 years and over!!AGE!!75 years and over"
"S2301_C01_012E","Estimate!!Total!!Population 16 years and over!!RACE AND HISPANIC OR LATINO ORIGIN!!White alone"
"S2301_C01_012M","Margin of Error!!Total MOE!!Population 16 years and over!!RACE AND HISPANIC OR LATINO ORIGIN!!White alone"
"S2301_C01_012MA","Annotation of Margin of Error!!Total MOE!!Population 16 years and over!!RACE AND HISPANIC OR LATINO ORIGIN!!White alone"
"S2301_C01_012EA","Annotation of Estimate!!Total!!Population 16 years and over!!RACE AND HISPANIC OR LATINO ORIGIN!!White alone"
"S2301_C01_013E","Estimate!!Total!!Population 16 years and over!!RACE AND HISPANIC OR LATINO ORIGIN!!Black or African American alone"
"S2301_C01_013EA","Annotation of Estimate!!Total!!Population 16 years and over!!RACE AND HISPANIC OR LATINO ORIGIN!!Black or African American alone"
"S2301_C01_013M","Margin of Error!!Total MOE!!Population 16 years and over!!RACE AND HISPANIC OR LATINO ORIGIN!!Black or African American alone"
"S2301_C01_013MA","Annotation of Margin of Error!!Total MOE!!Population 16 years and over!!RACE AND HISPANIC OR LATINO ORIGIN!!Black or African American alone"
"S2301_C01_014E","Estimate!!Total!!Population 16 years and over!!RACE AND HISPANIC OR LATINO ORIGIN!!American Indian and Alaska Native alone"
"S2301_C01_014M","Margin of Error!!Total MOE!!Population 16 years and over!!RACE AND HISPANIC OR LATINO ORIGIN!!American Indian and Alaska Native alone"
"S2301_C01_014MA","Annotation of Margin of Error!!Total MOE!!Population 16 years and over!!RACE AND HISPANIC OR LATINO ORIGIN!!American Indian and Alaska Native alone"
"S2301_C01_014EA","Annotation of Estimate!!Total!!Population 16 years and over!!RACE AND HISPANIC OR LATINO ORIGIN!!American Indian and Alaska Native alone"
"S2301_C01_015E","Estimate!!Total!!Population 16 years and over!!RACE AND HISPANIC OR LATINO ORIGIN!!Asian alone"
"S2301_C01_015M","Margin of Error!!Total MOE!!Population 16 years and over!!RACE AND HISPANIC OR LATINO ORIGIN!!Asian alone"
"S2301_C01_015MA","Annotation of Margin of Error!!Total MOE!!Population 16 years and over!!RACE AND HISPANIC OR LATINO ORIGIN!!Asian alone"
"S2301_C01_015EA","Annotation of Estimate!!Total!!Population 16 years and over!!RACE AND HISPANIC OR LATINO ORIGIN!!Asian alone"
"S2301_C01_016E","Estimate!!Total!!Population 16 years and over!!RACE AND HISPANIC OR LATINO ORIGIN!!Native Hawaiian and Other Pacific Islander alone"
"S2301_C01_016EA","Annotation of Estimate!!Total!!Population 16 years and over!!RACE AND HISPANIC OR LATINO ORIGIN!!Native Hawaiian and Other Pacific Islander alone"
"S2301_C01_016M","Margin of Error!!Total MOE!!Population 16 years and over!!RACE AND HISPANIC OR LATINO ORIGIN!!Native Hawaiian and Other Pacific Islander alone"
"S2301_C01_016MA","Annotation of Margin of Error!!Total MOE!!Population 16 years and over!!RACE AND HISPANIC OR LATINO ORIGIN!!Native Hawaiian and Other Pacific Islander alone"
"S2301_C01_017E","Estimate!!Total!!Population 16 years and over!!RACE AND HISPANIC OR LATINO ORIGIN!!Some other race alone"
"S2301_C01_017M","Margin of Error!!Total MOE!!Population 16 years and over!!RACE AND HISPANIC OR LATINO ORIGIN!!Some other race alone"
"S2301_C01_017MA","Annotation of Margin of Error!!Total MOE!!Population 16 years and over!!RACE AND HISPANIC OR LATINO ORIGIN!!Some other race alone"
"S2301_C01_017EA","Annotation of Estimate!!Total!!Population 16 years and over!!RACE AND HISPANIC OR LATINO ORIGIN!!Some other race alone"
"S2301_C01_018E","Estimate!!Total!!Population 16 years and over!!RACE AND HISPANIC OR LATINO ORIGIN!!Two or more races"
"S2301_C01_018M","Margin of Error!!Total MOE!!Population 16 years and over!!RACE AND HISPANIC OR LATINO ORIGIN!!Two or more races"
"S2301_C01_018MA","Annotation of Margin of Error!!Total MOE!!Population 16 years and over!!RACE AND HISPANIC OR LATINO ORIGIN!!Two or more races"
"S2301_C01_018EA","Annotation of Estimate!!Total!!Population 16 years and over!!RACE AND HISPANIC OR LATINO ORIGIN!!Two or more races"
"S2301_C01_019E","Estimate!!Total!!Population 16 years and over!!RACE AND HISPANIC OR LATINO ORIGIN!!Hispanic or Latino origin (of any race)"
"S2301_C01_019M","Margin of Error!!Total MOE!!Population 16 years and over!!RACE AND HISPANIC OR LATINO ORIGIN!!Hispanic or Latino origin (of any race)"
"S2301_C01_019MA","Annotation of Margin of Error!!Total MOE!!Population 16 years and over!!RACE AND HISPANIC OR LATINO ORIGIN!!Hispanic or Latino origin (of any race)"
"S2301_C01_019EA","Annotation of Estimate!!Total!!Population 16 years and over!!RACE AND HISPANIC OR LATINO ORIGIN!!Hispanic or Latino origin (of any race)"
"S2301_C01_020E","Estimate!!Total!!Population 16 years and over!!RACE AND HISPANIC OR LATINO ORIGIN!!White alone, not Hispanic or Latino"
"S2301_C01_020M","Margin of Error!!Total MOE!!Population 16 years and over!!RACE AND HISPANIC OR LATINO ORIGIN!!White alone, not Hispanic or Latino"
"S2301_C01_020MA","Annotation of Margin of Error!!Total MOE!!Population 16 years and over!!RACE AND HISPANIC OR LATINO ORIGIN!!White alone, not Hispanic or Latino"
"S2301_C01_020EA","Annotation of Estimate!!Total!!Population 16 years and over!!RACE AND HISPANIC OR LATINO ORIGIN!!White alone, not Hispanic or Latino"
"S2301_C01_021E","Estimate!!Total!!Population 20 to 64 years"
"S2301_C01_021M","Margin of Error!!Total MOE!!Population 20 to 64 years"
"S2301_C01_021MA","Annotation of Margin of Error!!Total MOE!!Population 20 to 64 years"
"S2301_C01_021EA","Annotation of Estimate!!Total!!Population 20 to 64 years"
"S2301_C01_022E","Estimate!!Total!!Population 20 to 64 years!!SEX!!Male"
"S2301_C01_022M","Margin of Error!!Total MOE!!Population 20 to 64 years!!SEX!!Male"
"S2301_C01_022MA","Annotation of Margin of Error!!Total MOE!!Population 20 to 64 years!!SEX!!Male"
"S2301_C01_022EA","Annotation of Estimate!!Total!!Population 20 to 64 years!!SEX!!Male"
"S2301_C01_023E","Estimate!!Total!!Population 20 to 64 years!!SEX!!Female"
"S2301_C01_023M","Margin of Error!!Total MOE!!Population 20 to 64 years!!SEX!!Female"
"S2301_C01_023MA","Annotation of Margin of Error!!Total MOE!!Population 20 to 64 years!!SEX!!Female"
"S2301_C01_023EA","Annotation of Estimate!!Total!!Population 20 to 64 years!!SEX!!Female"
"S2301_C01_024E","Estimate!!Total!!Population 20 to 64 years!!SEX!!Female!!With own children under 18 years"
"S2301_C01_024M","Margin of Error!!Total MOE!!Population 20 to 64 years!!SEX!!Female!!With own children under 18 years"
"S2301_C01_024MA","Annotation of Margin of Error!!Total MOE!!Population 20 to 64 years!!SEX!!Female!!With own children under 18 years"
"S2301_C01_024EA","Annotation of Estimate!!Total!!Population 20 to 64 years!!SEX!!Female!!With own children under 18 years"
"S2301_C01_025E","Estimate!!Total!!Population 20 to 64 years!!SEX!!Female!!With own children under 18 years!!With own children under 6 years only"
"S2301_C01_025M","Margin of Error!!Total MOE!!Population 20 to 64 years!!SEX!!Female!!With own children under 18 years!!With own children under 6 years only"
"S2301_C01_025MA","Annotation of Margin of Error!!Total MOE!!Population 20 to 64 years!!SEX!!Female!!With own children under 18 years!!With own children under 6 years only"
"S2301_C01_025EA","Annotation of Estimate!!Total!!Population 20 to 64 years!!SEX!!Female!!With own children under 18 years!!With own children under 6 years only"
"S2301_C01_026E","Estimate!!Total!!Population 20 to 64 years!!SEX!!Female!!With own children under 18 years!!With own children under 6 years and 6 to 17 years"
"S2301_C01_026M","Margin of Error!!Total MOE!!Population 20 to 64 years!!SEX!!Female!!With own children under 18 years!!With own children under 6 years and 6 to 17 years"
"S2301_C01_026MA","Annotation of Margin of Error!!Total MOE!!Population 20 to 64 years!!SEX!!Female!!With own children under 18 years!!With own children under 6 years and 6 to 17 years"
"S2301_C01_026EA","Annotation of Estimate!!Total!!Population 20 to 64 years!!SEX!!Female!!With own children under 18 years!!With own children under 6 years and 6 to 17 years"
"S2301_C01_027E","Estimate!!Total!!Population 20 to 64 years!!SEX!!Female!!With own children under 18 years!!With own children under 6 to 17 years only"
"S2301_C01_027M","Margin of Error!!Total MOE!!Population 20 to 64 years!!SEX!!Female!!With own children under 18 years!!With own children under 6 to 17 years only"
"S2301_C01_027MA","Annotation of Margin of Error!!Total MOE!!Population 20 to 64 years!!SEX!!Female!!With own children under 18 years!!With own children under 6 to 17 years only"
"S2301_C01_027EA","Annotation of Estimate!!Total!!Population 20 to 64 years!!SEX!!Female!!With own children under 18 years!!With own children under 6 to 17 years only"
"S2301_C01_028E","Estimate!!Total!!Population 20 to 64 years!!POVERTY STATUS IN THE PAST 12 MONTHS!!Below poverty level"
"S2301_C01_028M","Margin of Error!!Total MOE!!Population 20 to 64 years!!POVERTY STATUS IN THE PAST 12 MONTHS!!Below poverty level"
"S2301_C01_028MA","Annotation of Margin of Error!!Total MOE!!Population 20 to 64 years!!POVERTY STATUS IN THE PAST 12 MONTHS!!Below poverty level"
"S2301_C01_028EA","Annotation of Estimate!!Total!!Population 20 to 64 years!!POVERTY STATUS IN THE PAST 12 MONTHS!!Below poverty level"
"S2301_C01_029E","Estimate!!Total!!Population 20 to 64 years!!POVERTY STATUS IN THE PAST 12 MONTHS!!At or above the poverty level"
"S2301_C01_029M","Margin of Error!!Total MOE!!Population 20 to 64 years!!POVERTY STATUS IN THE PAST 12 MONTHS!!At or above the poverty level"
"S2301_C01_029MA","Annotation of Margin of Error!!Total MOE!!Population 20 to 64 years!!POVERTY STATUS IN THE PAST 12 MONTHS!!At or above the poverty level"
"S2301_C01_029EA","Annotation of Estimate!!Total!!Population 20 to 64 years!!POVERTY STATUS IN THE PAST 12 MONTHS!!At or above the poverty level"
"S2301_C01_030E","Estimate!!Total!!Population 20 to 64 years!!DISABILITY STATUS!!With any disability"
"S2301_C01_030M","Margin of Error!!Total MOE!!Population 20 to 64 years!!DISABILITY STATUS!!With any disability"
"S2301_C01_030MA","Annotation of Margin of Error!!Total MOE!!Population 20 to 64 years!!DISABILITY STATUS!!With any disability"
"S2301_C01_030EA","Annotation of Estimate!!Total!!Population 20 to 64 years!!DISABILITY STATUS!!With any disability"
"S2301_C01_031E","Estimate!!Total!!EDUCATIONAL ATTAINMENT!!Population 25 to 64 years"
"S2301_C01_031M","Margin of Error!!Total MOE!!EDUCATIONAL ATTAINMENT!!Population 25 to 64 years"
"S2301_C01_031MA","Annotation of Margin of Error!!Total MOE!!EDUCATIONAL ATTAINMENT!!Population 25 to 64 years"
"S2301_C01_031EA","Annotation of Estimate!!Total!!EDUCATIONAL ATTAINMENT!!Population 25 to 64 years"
"S2301_C01_032E","Estimate!!Total!!EDUCATIONAL ATTAINMENT!!Population 25 to 64 years!!Less than high school graduate"
"S2301_C01_032M","Margin of Error!!Total MOE!!EDUCATIONAL ATTAINMENT!!Population 25 to 64 years!!Less than high school graduate"
"S2301_C01_032MA","Annotation of Margin of Error!!Total MOE!!EDUCATIONAL ATTAINMENT!!Population 25 to 64 years!!Less than high school graduate"
"S2301_C01_032EA","Annotation of Estimate!!Total!!EDUCATIONAL ATTAINMENT!!Population 25 to 64 years!!Less than high school graduate"
"S2301_C01_033E","Estimate!!Total!!EDUCATIONAL ATTAINMENT!!Population 25 to 64 years!!High school graduate (includes equivalency)"
"S2301_C01_033M","Margin of Error!!Total MOE!!EDUCATIONAL ATTAINMENT!!Population 25 to 64 years!!High school graduate (includes equivalency)"
"S2301_C01_033MA","Annotation of Margin of Error!!Total MOE!!EDUCATIONAL ATTAINMENT!!Population 25 to 64 years!!High school graduate (includes equivalency)"
"S2301_C01_033EA","Annotation of Estimate!!Total!!EDUCATIONAL ATTAINMENT!!Population 25 to 64 years!!High school graduate (includes equivalency)"
"S2301_C01_034E","Estimate!!Total!!EDUCATIONAL ATTAINMENT!!Population 25 to 64 years!!Some college or associate's degree"
"S2301_C01_034M","Margin of Error!!Total MOE!!EDUCATIONAL ATTAINMENT!!Population 25 to 64 years!!Some college or associate's degree"
"S2301_C01_034MA","Annotation of Margin of Error!!Total MOE!!EDUCATIONAL ATTAINMENT!!Population 25 to 64 years!!Some college or associate's degree"
"S2301_C01_034EA","Annotation of Estimate!!Total!!EDUCATIONAL ATTAINMENT!!Population 25 to 64 years!!Some college or associate's degree"
"S2301_C01_035E","Estimate!!Total!!EDUCATIONAL ATTAINMENT!!Population 25 to 64 years!!Bachelor's degree or higher"
"S2301_C01_035EA","Annotation of Estimate!!Total!!EDUCATIONAL ATTAINMENT!!Population 25 to 64 years!!Bachelor's degree or higher"
"S2301_C01_035M","Margin of Error!!Total MOE!!EDUCATIONAL ATTAINMENT!!Population 25 to 64 years!!Bachelor's degree or higher"
"S2301_C01_035MA","Annotation of Margin of Error!!Total MOE!!EDUCATIONAL ATTAINMENT!!Population 25 to 64 years!!Bachelor's degree or higher"
"S2301_C02_001E","Estimate!!Labor Force Participation Rate!!Population 16 years and over"
"S2301_C02_001M","Margin of Error!!Labor Force Participation Rate MOE!!Population 16 years and over"
"S2301_C02_001MA","Annotation of Margin of Error!!Labor Force Participation Rate MOE!!Population 16 years and over"
"S2301_C02_001EA","Annotation of Estimate!!Labor Force Participation Rate!!Population 16 years and over"
"S2301_C02_002E","Estimate!!Labor Force Participation Rate!!Population 16 years and over!!AGE!!16 to 19 years"
"S2301_C02_002EA","Annotation of Estimate!!Labor Force Participation Rate!!Population 16 years and over!!AGE!!16 to 19 years"
"S2301_C02_002M","Margin of Error!!Labor Force Participation Rate MOE!!Population 16 years and over!!AGE!!16 to 19 years"
"S2301_C02_002MA","Annotation of Margin of Error!!Labor Force Participation Rate MOE!!Population 16 years and over!!AGE!!16 to 19 years"
"S2301_C02_003E","Estimate!!Labor Force Participation Rate!!Population 16 years and over!!AGE!!20 to 24 years"
"S2301_C02_003M","Margin of Error!!Labor Force Participation Rate MOE!!Population 16 years and over!!AGE!!20 to 24 years"
"S2301_C02_003MA","Annotation of Margin of Error!!Labor Force Participation Rate MOE!!Population 16 years and over!!AGE!!20 to 24 years"
"S2301_C02_003EA","Annotation of Estimate!!Labor Force Participation Rate!!Population 16 years and over!!AGE!!20 to 24 years"
"S2301_C02_004E","Estimate!!Labor Force Participation Rate!!Population 16 years and over!!AGE!!25 to 29 years"
"S2301_C02_004M","Margin of Error!!Labor Force Participation Rate MOE!!Population 16 years and over!!AGE!!25 to 29 years"
"S2301_C02_004MA","Annotation of Margin of Error!!Labor Force Participation Rate MOE!!Population 16 years and over!!AGE!!25 to 29 years"
"S2301_C02_004EA","Annotation of Estimate!!Labor Force Participation Rate!!Population 16 years and over!!AGE!!25 to 29 years"
"S2301_C02_005E","Estimate!!Labor Force Participation Rate!!Population 16 years and over!!AGE!!30 to 34 years"
"S2301_C02_005M","Margin of Error!!Labor Force Participation Rate MOE!!Population 16 years and over!!AGE!!30 to 34 years"
"S2301_C02_005MA","Annotation of Margin of Error!!Labor Force Participation Rate MOE!!Population 16 years and over!!AGE!!30 to 34 years"
"S2301_C02_005EA","Annotation of Estimate!!Labor Force Participation Rate!!Population 16 years and over!!AGE!!30 to 34 years"
"S2301_C02_006E","Estimate!!Labor Force Participation Rate!!Population 16 years and over!!AGE!!35 to 44 years"
"S2301_C02_006M","Margin of Error!!Labor Force Participation Rate MOE!!Population 16 years and over!!AGE!!35 to 44 years"
"S2301_C02_006MA","Annotation of Margin of Error!!Labor Force Participation Rate MOE!!Population 16 years and over!!AGE!!35 to 44 years"
"S2301_C02_006EA","Annotation of Estimate!!Labor Force Participation Rate!!Population 16 years and over!!AGE!!35 to 44 years"
"S2301_C02_007E","Estimate!!Labor Force Participation Rate!!Population 16 years and over!!AGE!!45 to 54 years"
"S2301_C02_007M","Margin of Error!!Labor Force Participation Rate MOE!!Population 16 years and over!!AGE!!45 to 54 years"
"S2301_C02_007MA","Annotation of Margin of Error!!Labor Force Participation Rate MOE!!Population 16 years and over!!AGE!!45 to 54 years"
"S2301_C02_007EA","Annotation of Estimate!!Labor Force Participation Rate!!Population 16 years and over!!AGE!!45 to 54 years"
"S2301_C02_008E","Estimate!!Labor Force Participation Rate!!Population 16 years and over!!AGE!!55 to 59 years"
"S2301_C02_008M","Margin of Error!!Labor Force Participation Rate MOE!!Population 16 years and over!!AGE!!55 to 59 years"
"S2301_C02_008MA","Annotation of Margin of Error!!Labor Force Participation Rate MOE!!Population 16 years and over!!AGE!!55 to 59 years"
"S2301_C02_008EA","Annotation of Estimate!!Labor Force Participation Rate!!Population 16 years and over!!AGE!!55 to 59 years"
"S2301_C02_009E","Estimate!!Labor Force Participation Rate!!Population 16 years and over!!AGE!!60 to 64 years"
"S2301_C02_009M","Margin of Error!!Labor Force Participation Rate MOE!!Population 16 years and over!!AGE!!60 to 64 years"
"S2301_C02_009MA","Annotation of Margin of Error!!Labor Force Participation Rate MOE!!Population 16 years and over!!AGE!!60 to 64 years"
"S2301_C02_009EA","Annotation of Estimate!!Labor Force Participation Rate!!Population 16 years and over!!AGE!!60 to 64 years"
"S2301_C02_010E","Estimate!!Labor Force Participation Rate!!Population 16 years and over!!AGE!!65 to 74 years"
"S2301_C02_010M","Margin of Error!!Labor Force Participation Rate MOE!!Population 16 years and over!!AGE!!65 to 74 years"
"S2301_C02_010MA","Annotation of Margin of Error!!Labor Force Participation Rate MOE!!Population 16 years and over!!AGE!!65 to 74 years"
"S2301_C02_010EA","Annotation of Estimate!!Labor Force Participation Rate!!Population 16 years and over!!AGE!!65 to 74 years"
"S2301_C02_011E","Estimate!!Labor Force Participation Rate!!Population 16 years and over!!AGE!!75 years and over"
"S2301_C02_011M","Margin of Error!!Labor Force Participation Rate MOE!!Population 16 years and over!!AGE!!75 years and over"
"S2301_C02_011MA","Annotation of Margin of Error!!Labor Force Participation Rate MOE!!Population 16 years and over!!AGE!!75 years and over"
"S2301_C02_011EA","Annotation of Estimate!!Labor Force Participation Rate!!Population 16 years and over!!AGE!!75 years and over"
"S2301_C02_012E","Estimate!!Labor Force Participation Rate!!Population 16 years and over!!RACE AND HISPANIC OR LATINO ORIGIN!!White alone"
"S2301_C02_012M","Margin of Error!!Labor Force Participation Rate MOE!!Population 16 years and over!!RACE AND HISPANIC OR LATINO ORIGIN!!White alone"
"S2301_C02_012MA","Annotation of Margin of Error!!Labor Force Participation Rate MOE!!Population 16 years and over!!RACE AND HISPANIC OR LATINO ORIGIN!!White alone"
"S2301_C02_012EA","Annotation of Estimate!!Labor Force Participation Rate!!Population 16 years and over!!RACE AND HISPANIC OR LATINO ORIGIN!!White alone"
"S2301_C02_013E","Estimate!!Labor Force Participation Rate!!Population 16 years and over!!RACE AND HISPANIC OR LATINO ORIGIN!!Black or African American alone"
"S2301_C02_013M","Margin of Error!!Labor Force Participation Rate MOE!!Population 16 years and over!!RACE AND HISPANIC OR LATINO ORIGIN!!Black or African American alone"
"S2301_C02_013MA","Annotation of Margin of Error!!Labor Force Participation Rate MOE!!Population 16 years and over!!RACE AND HISPANIC OR LATINO ORIGIN!!Black or African American alone"
"S2301_C02_013EA","Annotation of Estimate!!Labor Force Participation Rate!!Population 16 years and over!!RACE AND HISPANIC OR LATINO ORIGIN!!Black or African American alone"
"S2301_C02_014E","Estimate!!Labor Force Participation Rate!!Population 16 years and over!!RACE AND HISPANIC OR LATINO ORIGIN!!American Indian and Alaska Native alone"
"S2301_C02_014M","Margin of Error!!Labor Force Participation Rate MOE!!Population 16 years and over!!RACE AND HISPANIC OR LATINO ORIGIN!!American Indian and Alaska Native alone"
"S2301_C02_014MA","Annotation of Margin of Error!!Labor Force Participation Rate MOE!!Population 16 years and over!!RACE AND HISPANIC OR LATINO ORIGIN!!American Indian and Alaska Native alone"
"S2301_C02_014EA","Annotation of Estimate!!Labor Force Participation Rate!!Population 16 years and over!!RACE AND HISPANIC OR LATINO ORIGIN!!American Indian and Alaska Native alone"
"S2301_C02_015E","Estimate!!Labor Force Participation Rate!!Population 16 years and over!!RACE AND HISPANIC OR LATINO ORIGIN!!Asian alone"
"S2301_C02_015M","Margin of Error!!Labor Force Participation Rate MOE!!Population 16 years and over!!RACE AND HISPANIC OR LATINO ORIGIN!!Asian alone"
"S2301_C02_015MA","Annotation of Margin of Error!!Labor Force Participation Rate MOE!!Population 16 years and over!!RACE AND HISPANIC OR LATINO ORIGIN!!Asian alone"
"S2301_C02_015EA","Annotation of Estimate!!Labor Force Participation Rate!!Population 16 years and over!!RACE AND HISPANIC OR LATINO ORIGIN!!Asian alone"
"S2301_C02_016E","Estimate!!Labor Force Participation Rate!!Population 16 years and over!!RACE AND HISPANIC OR LATINO ORIGIN!!Native Hawaiian and Other Pacific Islander alone"
"S2301_C02_016M","Margin of Error!!Labor Force Participation Rate MOE!!Population 16 years and over!!RACE AND HISPANIC OR LATINO ORIGIN!!Native Hawaiian and Other Pacific Islander alone"
"S2301_C02_016MA","Annotation of Margin of Error!!Labor Force Participation Rate MOE!!Population 16 years and over!!RACE AND HISPANIC OR LATINO ORIGIN!!Native Hawaiian and Other Pacific Islander alone"
"S2301_C02_016EA","Annotation of Estimate!!Labor Force Participation Rate!!Population 16 years and over!!RACE AND HISPANIC OR LATINO ORIGIN!!Native Hawaiian and Other Pacific Islander alone"
"S2301_C02_017E","Estimate!!Labor Force Participation Rate!!Population 16 years and over!!RACE AND HISPANIC OR LATINO ORIGIN!!Some other race alone"
"S2301_C02_017EA","Annotation of Estimate!!Labor Force Participation Rate!!Population 16 years and over!!RACE AND HISPANIC OR LATINO ORIGIN!!Some other race alone"
"S2301_C02_017M","Margin of Error!!Labor Force Participation Rate MOE!!Population 16 years and over!!RACE AND HISPANIC OR LATINO ORIGIN!!Some other race alone"
"S2301_C02_017MA","Annotation of Margin of Error!!Labor Force Participation Rate MOE!!Population 16 years and over!!RACE AND HISPANIC OR LATINO ORIGIN!!Some other race alone"
"S2301_C02_018E","Estimate!!Labor Force Participation Rate!!Population 16 years and over!!RACE AND HISPANIC OR LATINO ORIGIN!!Two or more races"
"S2301_C02_018M","Margin of Error!!Labor Force Participation Rate MOE!!Population 16 years and over!!RACE AND HISPANIC OR LATINO ORIGIN!!Two or more races"
"S2301_C02_018MA","Annotation of Margin of Error!!Labor Force Participation Rate MOE!!Population 16 years and over!!RACE AND HISPANIC OR LATINO ORIGIN!!Two or more races"
"S2301_C02_018EA","Annotation of Estimate!!Labor Force Participation Rate!!Population 16 years and over!!RACE AND HISPANIC OR LATINO ORIGIN!!Two or more races"
"S2301_C02_019E","Estimate!!Labor Force Participation Rate!!Population 16 years and over!!RACE AND HISPANIC OR LATINO ORIGIN!!Hispanic or Latino origin (of any race)"
"S2301_C02_019M","Margin of Error!!Labor Force Participation Rate MOE!!Population 16 years and over!!RACE AND HISPANIC OR LATINO ORIGIN!!Hispanic or Latino origin (of any race)"
"S2301_C02_019MA","Annotation of Margin of Error!!Labor Force Participation Rate MOE!!Population 16 years and over!!RACE AND HISPANIC OR LATINO ORIGIN!!Hispanic or Latino origin (of any race)"
"S2301_C02_019EA","Annotation of Estimate!!Labor Force Participation Rate!!Population 16 years and over!!RACE AND HISPANIC OR LATINO ORIGIN!!Hispanic or Latino origin (of any race)"
"S2301_C02_020E","Estimate!!Labor Force Participation Rate!!Population 16 years and over!!RACE AND HISPANIC OR LATINO ORIGIN!!White alone, not Hispanic or Latino"
"S2301_C02_020M","Margin of Error!!Labor Force Participation Rate MOE!!Population 16 years and over!!RACE AND HISPANIC OR LATINO ORIGIN!!White alone, not Hispanic or Latino"
"S2301_C02_020MA","Annotation of Margin of Error!!Labor Force Participation Rate MOE!!Population 16 years and over!!RACE AND HISPANIC OR LATINO ORIGIN!!White alone, not Hispanic or Latino"
"S2301_C02_020EA","Annotation of Estimate!!Labor Force Participation Rate!!Population 16 years and over!!RACE AND HISPANIC OR LATINO ORIGIN!!White alone, not Hispanic or Latino"
"S2301_C02_021E","Estimate!!Labor Force Participation Rate!!Population 20 to 64 years"
"S2301_C02_021M","Margin of Error!!Labor Force Participation Rate MOE!!Population 20 to 64 years"
"S2301_C02_021MA","Annotation of Margin of Error!!Labor Force Participation Rate MOE!!Population 20 to 64 years"
"S2301_C02_021EA","Annotation of Estimate!!Labor Force Participation Rate!!Population 20 to 64 years"
"S2301_C02_022E","Estimate!!Labor Force Participation Rate!!Population 20 to 64 years!!SEX!!Male"
"S2301_C02_022EA","Annotation of Estimate!!Labor Force Participation Rate!!Population 20 to 64 years!!SEX!!Male"
"S2301_C02_022M","Margin of Error!!Labor Force Participation Rate MOE!!Population 20 to 64 years!!SEX!!Male"
"S2301_C02_022MA","Annotation of Margin of Error!!Labor Force Participation Rate MOE!!Population 20 to 64 years!!SEX!!Male"
"S2301_C02_023E","Estimate!!Labor Force Participation Rate!!Population 20 to 64 years!!SEX!!Female"
"S2301_C02_023M","Margin of Error!!Labor Force Participation Rate MOE!!Population 20 to 64 years!!SEX!!Female"
"S2301_C02_023MA","Annotation of Margin of Error!!Labor Force Participation Rate MOE!!Population 20 to 64 years!!SEX!!Female"
"S2301_C02_023EA","Annotation of Estimate!!Labor Force Participation Rate!!Population 20 to 64 years!!SEX!!Female"
"S2301_C02_024E","Estimate!!Labor Force Participation Rate!!Population 20 to 64 years!!SEX!!Female!!With own children under 18 years"
"S2301_C02_024M","Margin of Error!!Labor Force Participation Rate MOE!!Population 20 to 64 years!!SEX!!Female!!With own children under 18 years"
"S2301_C02_024MA","Annotation of Margin of Error!!Labor Force Participation Rate MOE!!Population 20 to 64 years!!SEX!!Female!!With own children under 18 years"
"S2301_C02_024EA","Annotation of Estimate!!Labor Force Participation Rate!!Population 20 to 64 years!!SEX!!Female!!With own children under 18 years"
"S2301_C02_025E","Estimate!!Labor Force Participation Rate!!Population 20 to 64 years!!SEX!!Female!!With own children under 18 years!!With own children under 6 years only"
"S2301_C02_025M","Margin of Error!!Labor Force Participation Rate MOE!!Population 20 to 64 years!!SEX!!Female!!With own children under 18 years!!With own children under 6 years only"
"S2301_C02_025MA","Annotation of Margin of Error!!Labor Force Participation Rate MOE!!Population 20 to 64 years!!SEX!!Female!!With own children under 18 years!!With own children under 6 years only"
"S2301_C02_025EA","Annotation of Estimate!!Labor Force Participation Rate!!Population 20 to 64 years!!SEX!!Female!!With own children under 18 years!!With own children under 6 years only"
"S2301_C02_026E","Estimate!!Labor Force Participation Rate!!Population 20 to 64 years!!SEX!!Female!!With own children under 18 years!!With own children under 6 years and 6 to 17 years"
"S2301_C02_026M","Margin of Error!!Labor Force Participation Rate MOE!!Population 20 to 64 years!!SEX!!Female!!With own children under 18 years!!With own children under 6 years and 6 to 17 years"
"S2301_C02_026MA","Annotation of Margin of Error!!Labor Force Participation Rate MOE!!Population 20 to 64 years!!SEX!!Female!!With own children under 18 years!!With own children under 6 years and 6 to 17 years"
"S2301_C02_026EA","Annotation of Estimate!!Labor Force Participation Rate!!Population 20 to 64 years!!SEX!!Female!!With own children under 18 years!!With own children under 6 years and 6 to 17 years"
"S2301_C02_027E","Estimate!!Labor Force Participation Rate!!Population 20 to 64 years!!SEX!!Female!!With own children under 18 years!!With own children under 6 to 17 years only"
"S2301_C02_027M","Margin of Error!!Labor Force Participation Rate MOE!!Population 20 to 64 years!!SEX!!Female!!With own children under 18 years!!With own children under 6 to 17 years only"
"S2301_C02_027MA","Annotation of Margin of Error!!Labor Force Participation Rate MOE!!Population 20 to 64 years!!SEX!!Female!!With own children under 18 years!!With own children under 6 to 17 years only"
"S2301_C02_027EA","Annotation of Estimate!!Labor Force Participation Rate!!Population 20 to 64 years!!SEX!!Female!!With own children under 18 years!!With own children under 6 to 17 years only"
"S2301_C02_028E","Estimate!!Labor Force Participation Rate!!Population 20 to 64 years!!POVERTY STATUS IN THE PAST 12 MONTHS!!Below poverty level"
"S2301_C02_028M","Margin of Error!!Labor Force Participation Rate MOE!!Population 20 to 64 years!!POVERTY STATUS IN THE PAST 12 MONTHS!!Below poverty level"
"S2301_C02_028MA","Annotation of Margin of Error!!Labor Force Participation Rate MOE!!Population 20 to 64 years!!POVERTY STATUS IN THE PAST 12 MONTHS!!Below poverty level"
"S2301_C02_028EA","Annotation of Estimate!!Labor Force Participation Rate!!Population 20 to 64 years!!POVERTY STATUS IN THE PAST 12 MONTHS!!Below poverty level"
"S2301_C02_029E","Estimate!!Labor Force Participation Rate!!Population 20 to 64 years!!POVERTY STATUS IN THE PAST 12 MONTHS!!At or above the poverty level"
"S2301_C02_029M","Margin of Error!!Labor Force Participation Rate MOE!!Population 20 to 64 years!!POVERTY STATUS IN THE PAST 12 MONTHS!!At or above the poverty level"
"S2301_C02_029MA","Annotation of Margin of Error!!Labor Force Participation Rate MOE!!Population 20 to 64 years!!POVERTY STATUS IN THE PAST 12 MONTHS!!At or above the poverty level"
"S2301_C02_029EA","Annotation of Estimate!!Labor Force Participation Rate!!Population 20 to 64 years!!POVERTY STATUS IN THE PAST 12 MONTHS!!At or above the poverty level"
"S2301_C02_030E","Estimate!!Labor Force Participation Rate!!Population 20 to 64 years!!DISABILITY STATUS!!With any disability"
"S2301_C02_030M","Margin of Error!!Labor Force Participation Rate MOE!!Population 20 to 64 years!!DISABILITY STATUS!!With any disability"
"S2301_C02_030MA","Annotation of Margin of Error!!Labor Force Participation Rate MOE!!Population 20 to 64 years!!DISABILITY STATUS!!With any disability"
"S2301_C02_030EA","Annotation of Estimate!!Labor Force Participation Rate!!Population 20 to 64 years!!DISABILITY STATUS!!With any disability"
"S2301_C02_031E","Estimate!!Labor Force Participation Rate!!EDUCATIONAL ATTAINMENT!!Population 25 to 64 years"
"S2301_C02_031M","Margin of Error!!Labor Force Participation Rate MOE!!EDUCATIONAL ATTAINMENT!!Population 25 to 64 years"
"S2301_C02_031MA","Annotation of Margin of Error!!Labor Force Participation Rate MOE!!EDUCATIONAL ATTAINMENT!!Population 25 to 64 years"
"S2301_C02_031EA","Annotation of Estimate!!Labor Force Participation Rate!!EDUCATIONAL ATTAINMENT!!Population 25 to 64 years"
"S2301_C02_032E","Estimate!!Labor Force Participation Rate!!EDUCATIONAL ATTAINMENT!!Population 25 to 64 years!!Less than high school graduate"
"S2301_C02_032EA","Annotation of Estimate!!Labor Force Participation Rate!!EDUCATIONAL ATTAINMENT!!Population 25 to 64 years!!Less than high school graduate"
"S2301_C02_032M","Margin of Error!!Labor Force Participation Rate MOE!!EDUCATIONAL ATTAINMENT!!Population 25 to 64 years!!Less than high school graduate"
"S2301_C02_032MA","Annotation of Margin of Error!!Labor Force Participation Rate MOE!!EDUCATIONAL ATTAINMENT!!Population 25 to 64 years!!Less than high school graduate"
"S2301_C02_033E","Estimate!!Labor Force Participation Rate!!EDUCATIONAL ATTAINMENT!!Population 25 to 64 years!!High school graduate (includes equivalency)"
"S2301_C02_033M","Margin of Error!!Labor Force Participation Rate MOE!!EDUCATIONAL ATTAINMENT!!Population 25 to 64 years!!High school graduate (includes equivalency)"
"S2301_C02_033MA","Annotation of Margin of Error!!Labor Force Participation Rate MOE!!EDUCATIONAL ATTAINMENT!!Population 25 to 64 years!!High school graduate (includes equivalency)"
"S2301_C02_033EA","Annotation of Estimate!!Labor Force Participation Rate!!EDUCATIONAL ATTAINMENT!!Population 25 to 64 years!!High school graduate (includes equivalency)"
"S2301_C02_034E","Estimate!!Labor Force Participation Rate!!EDUCATIONAL ATTAINMENT!!Population 25 to 64 years!!Some college or associate's degree"
"S2301_C02_034M","Margin of Error!!Labor Force Participation Rate MOE!!EDUCATIONAL ATTAINMENT!!Population 25 to 64 years!!Some college or associate's degree"
"S2301_C02_034MA","Annotation of Margin of Error!!Labor Force Participation Rate MOE!!EDUCATIONAL ATTAINMENT!!Population 25 to 64 years!!Some college or associate's degree"
"S2301_C02_034EA","Annotation of Estimate!!Labor Force Participation Rate!!EDUCATIONAL ATTAINMENT!!Population 25 to 64 years!!Some college or associate's degree"
"S2301_C02_035E","Estimate!!Labor Force Participation Rate!!EDUCATIONAL ATTAINMENT!!Population 25 to 64 years!!Bachelor's degree or higher"
"S2301_C02_035M","Margin of Error!!Labor Force Participation Rate MOE!!EDUCATIONAL ATTAINMENT!!Population 25 to 64 years!!Bachelor's degree or higher"
"S2301_C02_035MA","Annotation of Margin of Error!!Labor Force Participation Rate MOE!!EDUCATIONAL ATTAINMENT!!Population 25 to 64 years!!Bachelor's degree or higher"
"S2301_C02_035EA","Annotation of Estimate!!Labor Force Participation Rate!!EDUCATIONAL ATTAINMENT!!Population 25 to 64 years!!Bachelor's degree or higher"
"S2301_C03_001E","Estimate!!Employment/Population Ratio!!Population 16 years and over"
"S2301_C03_001M","Margin of Error!!Employment/Population Ratio MOE!!Population 16 years and over"
"S2301_C03_001MA","Annotation of Margin of Error!!Employment/Population Ratio MOE!!Population 16 years and over"
"S2301_C03_001EA","Annotation of Estimate!!Employment/Population Ratio!!Population 16 years and over"
"S2301_C03_002E","Estimate!!Employment/Population Ratio!!Population 16 years and over!!AGE!!16 to 19 years"
"S2301_C03_002M","Margin of Error!!Employment/Population Ratio MOE!!Population 16 years and over!!AGE!!16 to 19 years"
"S2301_C03_002MA","Annotation of Margin of Error!!Employment/Population Ratio MOE!!Population 16 years and over!!AGE!!16 to 19 years"
"S2301_C03_002EA","Annotation of Estimate!!Employment/Population Ratio!!Population 16 years and over!!AGE!!16 to 19 years"
"S2301_C03_003E","Estimate!!Employment/Population Ratio!!Population 16 years and over!!AGE!!20 to 24 years"
"S2301_C03_003EA","Annotation of Estimate!!Employment/Population Ratio!!Population 16 years and over!!AGE!!20 to 24 years"
"S2301_C03_003M","Margin of Error!!Employment/Population Ratio MOE!!Population 16 years and over!!AGE!!20 to 24 years"
"S2301_C03_003MA","Annotation of Margin of Error!!Employment/Population Ratio MOE!!Population 16 years and over!!AGE!!20 to 24 years"
"S2301_C03_004E","Estimate!!Employment/Population Ratio!!Population 16 years and over!!AGE!!25 to 29 years"
"S2301_C03_004M","Margin of Error!!Employment/Population Ratio MOE!!Population 16 years and over!!AGE!!25 to 29 years"
"S2301_C03_004MA","Annotation of Margin of Error!!Employment/Population Ratio MOE!!Population 16 years and over!!AGE!!25 to 29 years"
"S2301_C03_004EA","Annotation of Estimate!!Employment/Population Ratio!!Population 16 years and over!!AGE!!25 to 29 years"
"S2301_C03_005E","Estimate!!Employment/Population Ratio!!Population 16 years and over!!AGE!!30 to 34 years"
"S2301_C03_005M","Margin of Error!!Employment/Population Ratio MOE!!Population 16 years and over!!AGE!!30 to 34 years"
"S2301_C03_005MA","Annotation of Margin of Error!!Employment/Population Ratio MOE!!Population 16 years and over!!AGE!!30 to 34 years"
"S2301_C03_005EA","Annotation of Estimate!!Employment/Population Ratio!!Population 16 years and over!!AGE!!30 to 34 years"
"S2301_C03_006E","Estimate!!Employment/Population Ratio!!Population 16 years and over!!AGE!!35 to 44 years"
"S2301_C03_006M","Margin of Error!!Employment/Population Ratio MOE!!Population 16 years and over!!AGE!!35 to 44 years"
"S2301_C03_006MA","Annotation of Margin of Error!!Employment/Population Ratio MOE!!Population 16 years and over!!AGE!!35 to 44 years"
"S2301_C03_006EA","Annotation of Estimate!!Employment/Population Ratio!!Population 16 years and over!!AGE!!35 to 44 years"
"S2301_C03_007E","Estimate!!Employment/Population Ratio!!Population 16 years and over!!AGE!!45 to 54 years"
"S2301_C03_007EA","Annotation of Estimate!!Employment/Population Ratio!!Population 16 years and over!!AGE!!45 to 54 years"
"S2301_C03_007M","Margin of Error!!Employment/Population Ratio MOE!!Population 16 years and over!!AGE!!45 to 54 years"
"S2301_C03_007MA","Annotation of Margin of Error!!Employment/Population Ratio MOE!!Population 16 years and over!!AGE!!45 to 54 years"
"S2301_C03_008E","Estimate!!Employment/Population Ratio!!Population 16 years and over!!AGE!!55 to 59 years"
"S2301_C03_008EA","Annotation of Estimate!!Employment/Population Ratio!!Population 16 years and over!!AGE!!55 to 59 years"
"S2301_C03_008M","Margin of Error!!Employment/Population Ratio MOE!!Population 16 years and over!!AGE!!55 to 59 years"
"S2301_C03_008MA","Annotation of Margin of Error!!Employment/Population Ratio MOE!!Population 16 years and over!!AGE!!55 to 59 years"
"S2301_C03_009E","Estimate!!Employment/Population Ratio!!Population 16 years and over!!AGE!!60 to 64 years"
"S2301_C03_009M","Margin of Error!!Employment/Population Ratio MOE!!Population 16 years and over!!AGE!!60 to 64 years"
"S2301_C03_009MA","Annotation of Margin of Error!!Employment/Population Ratio MOE!!Population 16 years and over!!AGE!!60 to 64 years"
"S2301_C03_009EA","Annotation of Estimate!!Employment/Population Ratio!!Population 16 years and over!!AGE!!60 to 64 years"
"S2301_C03_010E","Estimate!!Employment/Population Ratio!!Population 16 years and over!!AGE!!65 to 74 years"
"S2301_C03_010M","Margin of Error!!Employment/Population Ratio MOE!!Population 16 years and over!!AGE!!65 to 74 years"
"S2301_C03_010MA","Annotation of Margin of Error!!Employment/Population Ratio MOE!!Population 16 years and over!!AGE!!65 to 74 years"
"S2301_C03_010EA","Annotation of Estimate!!Employment/Population Ratio!!Population 16 years and over!!AGE!!65 to 74 years"
"S2301_C03_011E","Estimate!!Employment/Population Ratio!!Population 16 years and over!!AGE!!75 years and over"
"S2301_C03_011M","Margin of Error!!Employment/Population Ratio MOE!!Population 16 years and over!!AGE!!75 years and over"
"S2301_C03_011MA","Annotation of Margin of Error!!Employment/Population Ratio MOE!!Population 16 years and over!!AGE!!75 years and over"
"S2301_C03_011EA","Annotation of Estimate!!Employment/Population Ratio!!Population 16 years and over!!AGE!!75 years and over"
"S2301_C03_012E","Estimate!!Employment/Population Ratio!!Population 16 years and over!!RACE AND HISPANIC OR LATINO ORIGIN!!White alone"
"S2301_C03_012M","Margin of Error!!Employment/Population Ratio MOE!!Population 16 years and over!!RACE AND HISPANIC OR LATINO ORIGIN!!White alone"
"S2301_C03_012MA","Annotation of Margin of Error!!Employment/Population Ratio MOE!!Population 16 years and over!!RACE AND HISPANIC OR LATINO ORIGIN!!White alone"
"S2301_C03_012EA","Annotation of Estimate!!Employment/Population Ratio!!Population 16 years and over!!RACE AND HISPANIC OR LATINO ORIGIN!!White alone"
"S2301_C03_013E","Estimate!!Employment/Population Ratio!!Population 16 years and over!!RACE AND HISPANIC OR LATINO ORIGIN!!Black or African American alone"
"S2301_C03_013M","Margin of Error!!Employment/Population Ratio MOE!!Population 16 years and over!!RACE AND HISPANIC OR LATINO ORIGIN!!Black or African American alone"
"S2301_C03_013MA","Annotation of Margin of Error!!Employment/Population Ratio MOE!!Population 16 years and over!!RACE AND HISPANIC OR LATINO ORIGIN!!Black or African American alone"
"S2301_C03_013EA","Annotation of Estimate!!Employment/Population Ratio!!Population 16 years and over!!RACE AND HISPANIC OR LATINO ORIGIN!!Black or African American alone"
"S2301_C03_014E","Estimate!!Employment/Population Ratio!!Population 16 years and over!!RACE AND HISPANIC OR LATINO ORIGIN!!American Indian and Alaska Native alone"
"S2301_C03_014M","Margin of Error!!Employment/Population Ratio MOE!!Population 16 years and over!!RACE AND HISPANIC OR LATINO ORIGIN!!American Indian and Alaska Native alone"
"S2301_C03_014MA","Annotation of Margin of Error!!Employment/Population Ratio MOE!!Population 16 years and over!!RACE AND HISPANIC OR LATINO ORIGIN!!American Indian and Alaska Native alone"
"S2301_C03_014EA","Annotation of Estimate!!Employment/Population Ratio!!Population 16 years and over!!RACE AND HISPANIC OR LATINO ORIGIN!!American Indian and Alaska Native alone"
"S2301_C03_015E","Estimate!!Employment/Population Ratio!!Population 16 years and over!!RACE AND HISPANIC OR LATINO ORIGIN!!Asian alone"
"S2301_C03_015M","Margin of Error!!Employment/Population Ratio MOE!!Population 16 years and over!!RACE AND HISPANIC OR LATINO ORIGIN!!Asian alone"
"S2301_C03_015MA","Annotation of Margin of Error!!Employment/Population Ratio MOE!!Population 16 years and over!!RACE AND HISPANIC OR LATINO ORIGIN!!Asian alone"
"S2301_C03_015EA","Annotation of Estimate!!Employment/Population Ratio!!Population 16 years and over!!RACE AND HISPANIC OR LATINO ORIGIN!!Asian alone"
"S2301_C03_016E","Estimate!!Employment/Population Ratio!!Population 16 years and over!!RACE AND HISPANIC OR LATINO ORIGIN!!Native Hawaiian and Other Pacific Islander alone"
"S2301_C03_016M","Margin of Error!!Employment/Population Ratio MOE!!Population 16 years and over!!RACE AND HISPANIC OR LATINO ORIGIN!!Native Hawaiian and Other Pacific Islander alone"
"S2301_C03_016MA","Annotation of Margin of Error!!Employment/Population Ratio MOE!!Population 16 years and over!!RACE AND HISPANIC OR LATINO ORIGIN!!Native Hawaiian and Other Pacific Islander alone"
"S2301_C03_016EA","Annotation of Estimate!!Employment/Population Ratio!!Population 16 years and over!!RACE AND HISPANIC OR LATINO ORIGIN!!Native Hawaiian and Other Pacific Islander alone"
"S2301_C03_017E","Estimate!!Employment/Population Ratio!!Population 16 years and over!!RACE AND HISPANIC OR LATINO ORIGIN!!Some other race alone"
"S2301_C03_017M","Margin of Error!!Employment/Population Ratio MOE!!Population 16 years and over!!RACE AND HISPANIC OR LATINO ORIGIN!!Some other race alone"
"S2301_C03_017MA","Annotation of Margin of Error!!Employment/Population Ratio MOE!!Population 16 years and over!!RACE AND HISPANIC OR LATINO ORIGIN!!Some other race alone"
"S2301_C03_017EA","Annotation of Estimate!!Employment/Population Ratio!!Population 16 years and over!!RACE AND HISPANIC OR LATINO ORIGIN!!Some other race alone"
"S2301_C03_018E","Estimate!!Employment/Population Ratio!!Population 16 years and over!!RACE AND HISPANIC OR LATINO ORIGIN!!Two or more races"
"S2301_C03_018EA","Annotation of Estimate!!Employment/Population Ratio!!Population 16 years and over!!RACE AND HISPANIC OR LATINO ORIGIN!!Two or more races"
"S2301_C03_018M","Margin of Error!!Employment/Population Ratio MOE!!Population 16 years and over!!RACE AND HISPANIC OR LATINO ORIGIN!!Two or more races"
"S2301_C03_018MA","Annotation of Margin of Error!!Employment/Population Ratio MOE!!Population 16 years and over!!RACE AND HISPANIC OR LATINO ORIGIN!!Two or more races"
"S2301_C03_019E","Estimate!!Employment/Population Ratio!!Population 16 years and over!!RACE AND HISPANIC OR LATINO ORIGIN!!Hispanic or Latino origin (of any race)"
"S2301_C03_019M","Margin of Error!!Employment/Population Ratio MOE!!Population 16 years and over!!RACE AND HISPANIC OR LATINO ORIGIN!!Hispanic or Latino origin (of any race)"
"S2301_C03_019MA","Annotation of Margin of Error!!Employment/Population Ratio MOE!!Population 16 years and over!!RACE AND HISPANIC OR LATINO ORIGIN!!Hispanic or Latino origin (of any race)"
"S2301_C03_019EA","Annotation of Estimate!!Employment/Population Ratio!!Population 16 years and over!!RACE AND HISPANIC OR LATINO ORIGIN!!Hispanic or Latino origin (of any race)"
"S2301_C03_020E","Estimate!!Employment/Population Ratio!!Population 16 years and over!!RACE AND HISPANIC OR LATINO ORIGIN!!White alone, not Hispanic or Latino"
"S2301_C03_020M","Margin of Error!!Employment/Population Ratio MOE!!Population 16 years and over!!RACE AND HISPANIC OR LATINO ORIGIN!!White alone, not Hispanic or Latino"
"S2301_C03_020MA","Annotation of Margin of Error!!Employment/Population Ratio MOE!!Population 16 years and over!!RACE AND HISPANIC OR LATINO ORIGIN!!White alone, not Hispanic or Latino"
"S2301_C03_020EA","Annotation of Estimate!!Employment/Population Ratio!!Population 16 years and over!!RACE AND HISPANIC OR LATINO ORIGIN!!White alone, not Hispanic or Latino"
"S2301_C03_021E","Estimate!!Employment/Population Ratio!!Population 20 to 64 years"
"S2301_C03_021M","Margin of Error!!Employment/Population Ratio MOE!!Population 20 to 64 years"
"S2301_C03_021MA","Annotation of Margin of Error!!Employment/Population Ratio MOE!!Population 20 to 64 years"
"S2301_C03_021EA","Annotation of Estimate!!Employment/Population Ratio!!Population 20 to 64 years"
"S2301_C03_022E","Estimate!!Employment/Population Ratio!!Population 20 to 64 years!!SEX!!Male"
"S2301_C03_022M","Margin of Error!!Employment/Population Ratio MOE!!Population 20 to 64 years!!SEX!!Male"
"S2301_C03_022MA","Annotation of Margin of Error!!Employment/Population Ratio MOE!!Population 20 to 64 years!!SEX!!Male"
"S2301_C03_022EA","Annotation of Estimate!!Employment/Population Ratio!!Population 20 to 64 years!!SEX!!Male"
"S2301_C03_023E","Estimate!!Employment/Population Ratio!!Population 20 to 64 years!!SEX!!Female"
"S2301_C03_023EA","Annotation of Estimate!!Employment/Population Ratio!!Population 20 to 64 years!!SEX!!Female"
"S2301_C03_023M","Margin of Error!!Employment/Population Ratio MOE!!Population 20 to 64 years!!SEX!!Female"
"S2301_C03_023MA","Annotation of Margin of Error!!Employment/Population Ratio MOE!!Population 20 to 64 years!!SEX!!Female"
"S2301_C03_024E","Estimate!!Employment/Population Ratio!!Population 20 to 64 years!!SEX!!Female!!With own children under 18 years"
"S2301_C03_024M","Margin of Error!!Employment/Population Ratio MOE!!Population 20 to 64 years!!SEX!!Female!!With own children under 18 years"
"S2301_C03_024MA","Annotation of Margin of Error!!Employment/Population Ratio MOE!!Population 20 to 64 years!!SEX!!Female!!With own children under 18 years"
"S2301_C03_024EA","Annotation of Estimate!!Employment/Population Ratio!!Population 20 to 64 years!!SEX!!Female!!With own children under 18 years"
"S2301_C03_025E","Estimate!!Employment/Population Ratio!!Population 20 to 64 years!!SEX!!Female!!With own children under 18 years!!With own children under 6 years only"
"S2301_C03_025M","Margin of Error!!Employment/Population Ratio MOE!!Population 20 to 64 years!!SEX!!Female!!With own children under 18 years!!With own children under 6 years only"
"S2301_C03_025MA","Annotation of Margin of Error!!Employment/Population Ratio MOE!!Population 20 to 64 years!!SEX!!Female!!With own children under 18 years!!With own children under 6 years only"
"S2301_C03_025EA","Annotation of Estimate!!Employment/Population Ratio!!Population 20 to 64 years!!SEX!!Female!!With own children under 18 years!!With own children under 6 years only"
"S2301_C03_026E","Estimate!!Employment/Population Ratio!!Population 20 to 64 years!!SEX!!Female!!With own children under 18 years!!With own children under 6 years and 6 to 17 years"
"S2301_C03_026M","Margin of Error!!Employment/Population Ratio MOE!!Population 20 to 64 years!!SEX!!Female!!With own children under 18 years!!With own children under 6 years and 6 to 17 years"
"S2301_C03_026MA","Annotation of Margin of Error!!Employment/Population Ratio MOE!!Population 20 to 64 years!!SEX!!Female!!With own children under 18 years!!With own children under 6 years and 6 to 17 years"
"S2301_C03_026EA","Annotation of Estimate!!Employment/Population Ratio!!Population 20 to 64 years!!SEX!!Female!!With own children under 18 years!!With own children under 6 years and 6 to 17 years"
"S2301_C03_027E","Estimate!!Employment/Population Ratio!!Population 20 to 64 years!!SEX!!Female!!With own children under 18 years!!With own children under 6 to 17 years only"
"S2301_C03_027M","Margin of Error!!Employment/Population Ratio MOE!!Population 20 to 64 years!!SEX!!Female!!With own children under 18 years!!With own children under 6 to 17 years only"
"S2301_C03_027MA","Annotation of Margin of Error!!Employment/Population Ratio MOE!!Population 20 to 64 years!!SEX!!Female!!With own children under 18 years!!With own children under 6 to 17 years only"
"S2301_C03_027EA","Annotation of Estimate!!Employment/Population Ratio!!Population 20 to 64 years!!SEX!!Female!!With own children under 18 years!!With own children under 6 to 17 years only"
"S2301_C03_028E","Estimate!!Employment/Population Ratio!!Population 20 to 64 years!!POVERTY STATUS IN THE PAST 12 MONTHS!!Below poverty level"
"S2301_C03_028M","Margin of Error!!Employment/Population Ratio MOE!!Population 20 to 64 years!!POVERTY STATUS IN THE PAST 12 MONTHS!!Below poverty level"
"S2301_C03_028MA","Annotation of Margin of Error!!Employment/Population Ratio MOE!!Population 20 to 64 years!!POVERTY STATUS IN THE PAST 12 MONTHS!!Below poverty level"
"S2301_C03_028EA","Annotation of Estimate!!Employment/Population Ratio!!Population 20 to 64 years!!POVERTY STATUS IN THE PAST 12 MONTHS!!Below poverty level"
"S2301_C03_029E","Estimate!!Employment/Population Ratio!!Population 20 to 64 years!!POVERTY STATUS IN THE PAST 12 MONTHS!!At or above the poverty level"
"S2301_C03_029EA","Annotation of Estimate!!Employment/Population Ratio!!Population 20 to 64 years!!POVERTY STATUS IN THE PAST 12 MONTHS!!At or above the poverty level"
"S2301_C03_029M","Margin of Error!!Employment/Population Ratio MOE!!Population 20 to 64 years!!POVERTY STATUS IN THE PAST 12 MONTHS!!At or above the poverty level"
"S2301_C03_029MA","Annotation of Margin of Error!!Employment/Population Ratio MOE!!Population 20 to 64 years!!POVERTY STATUS IN THE PAST 12 MONTHS!!At or above the poverty level"
"S2301_C03_030E","Estimate!!Employment/Population Ratio!!Population 20 to 64 years!!DISABILITY STATUS!!With any disability"
"S2301_C03_030M","Margin of Error!!Employment/Population Ratio MOE!!Population 20 to 64 years!!DISABILITY STATUS!!With any disability"
"S2301_C03_030MA","Annotation of Margin of Error!!Employment/Population Ratio MOE!!Population 20 to 64 years!!DISABILITY STATUS!!With any disability"
"S2301_C03_030EA","Annotation of Estimate!!Employment/Population Ratio!!Population 20 to 64 years!!DISABILITY STATUS!!With any disability"
"S2301_C03_031E","Estimate!!Employment/Population Ratio!!EDUCATIONAL ATTAINMENT!!Population 25 to 64 years"
"S2301_C03_031M","Margin of Error!!Employment/Population Ratio MOE!!EDUCATIONAL ATTAINMENT!!Population 25 to 64 years"
"S2301_C03_031MA","Annotation of Margin of Error!!Employment/Population Ratio MOE!!EDUCATIONAL ATTAINMENT!!Population 25 to 64 years"
"S2301_C03_031EA","Annotation of Estimate!!Employment/Population Ratio!!EDUCATIONAL ATTAINMENT!!Population 25 to 64 years"
"S2301_C03_032E","Estimate!!Employment/Population Ratio!!EDUCATIONAL ATTAINMENT!!Population 25 to 64 years!!Less than high school graduate"
"S2301_C03_032M","Margin of Error!!Employment/Population Ratio MOE!!EDUCATIONAL ATTAINMENT!!Population 25 to 64 years!!Less than high school graduate"
"S2301_C03_032MA","Annotation of Margin of Error!!Employment/Population Ratio MOE!!EDUCATIONAL ATTAINMENT!!Population 25 to 64 years!!Less than high school graduate"
"S2301_C03_032EA","Annotation of Estimate!!Employment/Population Ratio!!EDUCATIONAL ATTAINMENT!!Population 25 to 64 years!!Less than high school graduate"
"S2301_C03_033E","Estimate!!Employment/Population Ratio!!EDUCATIONAL ATTAINMENT!!Population 25 to 64 years!!High school graduate (includes equivalency)"
"S2301_C03_033M","Margin of Error!!Employment/Population Ratio MOE!!EDUCATIONAL ATTAINMENT!!Population 25 to 64 years!!High school graduate (includes equivalency)"
"S2301_C03_033MA","Annotation of Margin of Error!!Employment/Population Ratio MOE!!EDUCATIONAL ATTAINMENT!!Population 25 to 64 years!!High school graduate (includes equivalency)"
"S2301_C03_033EA","Annotation of Estimate!!Employment/Population Ratio!!EDUCATIONAL ATTAINMENT!!Population 25 to 64 years!!High school graduate (includes equivalency)"
"S2301_C03_034E","Estimate!!Employment/Population Ratio!!EDUCATIONAL ATTAINMENT!!Population 25 to 64 years!!Some college or associate's degree"
"S2301_C03_034M","Margin of Error!!Employment/Population Ratio MOE!!EDUCATIONAL ATTAINMENT!!Population 25 to 64 years!!Some college or associate's degree"
"S2301_C03_034MA","Annotation of Margin of Error!!Employment/Population Ratio MOE!!EDUCATIONAL ATTAINMENT!!Population 25 to 64 years!!Some college or associate's degree"
"S2301_C03_034EA","Annotation of Estimate!!Employment/Population Ratio!!EDUCATIONAL ATTAINMENT!!Population 25 to 64 years!!Some college or associate's degree"
"S2301_C03_035E","Estimate!!Employment/Population Ratio!!EDUCATIONAL ATTAINMENT!!Population 25 to 64 years!!Bachelor's degree or higher"
"S2301_C03_035M","Margin of Error!!Employment/Population Ratio MOE!!EDUCATIONAL ATTAINMENT!!Population 25 to 64 years!!Bachelor's degree or higher"
"S2301_C03_035MA","Annotation of Margin of Error!!Employment/Population Ratio MOE!!EDUCATIONAL ATTAINMENT!!Population 25 to 64 years!!Bachelor's degree or higher"
"S2301_C03_035EA","Annotation of Estimate!!Employment/Population Ratio!!EDUCATIONAL ATTAINMENT!!Population 25 to 64 years!!Bachelor's degree or higher"
"S2301_C04_001E","Estimate!!Unemployment rate!!Population 16 years and over"
"S2301_C04_001M","Margin of Error!!Unemployment rate MOE!!Population 16 years and over"
"S2301_C04_001MA","Annotation of Margin of Error!!Unemployment rate MOE!!Population 16 years and over"
"S2301_C04_001EA","Annotation of Estimate!!Unemployment rate!!Population 16 years and over"
"S2301_C04_002E","Estimate!!Unemployment rate!!Population 16 years and over!!AGE!!16 to 19 years"
"S2301_C04_002M","Margin of Error!!Unemployment rate MOE!!Population 16 years and over!!AGE!!16 to 19 years"
"S2301_C04_002MA","Annotation of Margin of Error!!Unemployment rate MOE!!Population 16 years and over!!AGE!!16 to 19 years"
"S2301_C04_002EA","Annotation of Estimate!!Unemployment rate!!Population 16 years and over!!AGE!!16 to 19 years"
"S2301_C04_003E","Estimate!!Unemployment rate!!Population 16 years and over!!AGE!!20 to 24 years"
"S2301_C04_003M","Margin of Error!!Unemployment rate MOE!!Population 16 years and over!!AGE!!20 to 24 years"
"S2301_C04_003MA","Annotation of Margin of Error!!Unemployment rate MOE!!Population 16 years and over!!AGE!!20 to 24 years"
"S2301_C04_003EA","Annotation of Estimate!!Unemployment rate!!Population 16 years and over!!AGE!!20 to 24 years"
"S2301_C04_004E","Estimate!!Unemployment rate!!Population 16 years and over!!AGE!!25 to 29 years"
"S2301_C04_004EA","Annotation of Estimate!!Unemployment rate!!Population 16 years and over!!AGE!!25 to 29 years"
"S2301_C04_004M","Margin of Error!!Unemployment rate MOE!!Population 16 years and over!!AGE!!25 to 29 years"
"S2301_C04_004MA","Annotation of Margin of Error!!Unemployment rate MOE!!Population 16 years and over!!AGE!!25 to 29 years"
"S2301_C04_005E","Estimate!!Unemployment rate!!Population 16 years and over!!AGE!!30 to 34 years"
"S2301_C04_005M","Margin of Error!!Unemployment rate MOE!!Population 16 years and over!!AGE!!30 to 34 years"
"S2301_C04_005MA","Annotation of Margin of Error!!Unemployment rate MOE!!Population 16 years and over!!AGE!!30 to 34 years"
"S2301_C04_005EA","Annotation of Estimate!!Unemployment rate!!Population 16 years and over!!AGE!!30 to 34 years"
"S2301_C04_006E","Estimate!!Unemployment rate!!Population 16 years and over!!AGE!!35 to 44 years"
"S2301_C04_006M","Margin of Error!!Unemployment rate MOE!!Population 16 years and over!!AGE!!35 to 44 years"
"S2301_C04_006MA","Annotation of Margin of Error!!Unemployment rate MOE!!Population 16 years and over!!AGE!!35 to 44 years"
"S2301_C04_006EA","Annotation of Estimate!!Unemployment rate!!Population 16 years and over!!AGE!!35 to 44 years"
"S2301_C04_007E","Estimate!!Unemployment rate!!Population 16 years and over!!AGE!!45 to 54 years"
"S2301_C04_007M","Margin of Error!!Unemployment rate MOE!!Population 16 years and over!!AGE!!45 to 54 years"
"S2301_C04_007MA","Annotation of Margin of Error!!Unemployment rate MOE!!Population 16 years and over!!AGE!!45 to 54 years"
"S2301_C04_007EA","Annotation of Estimate!!Unemployment rate!!Population 16 years and over!!AGE!!45 to 54 years"
"S2301_C04_008E","Estimate!!Unemployment rate!!Population 16 years and over!!AGE!!55 to 59 years"
"S2301_C04_008M","Margin of Error!!Unemployment rate MOE!!Population 16 years and over!!AGE!!55 to 59 years"
"S2301_C04_008MA","Annotation of Margin of Error!!Unemployment rate MOE!!Population 16 years and over!!AGE!!55 to 59 years"
"S2301_C04_008EA","Annotation of Estimate!!Unemployment rate!!Population 16 years and over!!AGE!!55 to 59 years"
"S2301_C04_009E","Estimate!!Unemployment rate!!Population 16 years and over!!AGE!!60 to 64 years"
"S2301_C04_009EA","Annotation of Estimate!!Unemployment rate!!Population 16 years and over!!AGE!!60 to 64 years"
"S2301_C04_009M","Margin of Error!!Unemployment rate MOE!!Population 16 years and over!!AGE!!60 to 64 years"
"S2301_C04_009MA","Annotation of Margin of Error!!Unemployment rate MOE!!Population 16 years and over!!AGE!!60 to 64 years"
"S2301_C04_010E","Estimate!!Unemployment rate!!Population 16 years and over!!AGE!!65 to 74 years"
"S2301_C04_010M","Margin of Error!!Unemployment rate MOE!!Population 16 years and over!!AGE!!65 to 74 years"
"S2301_C04_010MA","Annotation of Margin of Error!!Unemployment rate MOE!!Population 16 years and over!!AGE!!65 to 74 years"
"S2301_C04_010EA","Annotation of Estimate!!Unemployment rate!!Population 16 years and over!!AGE!!65 to 74 years"
"S2301_C04_011E","Estimate!!Unemployment rate!!Population 16 years and over!!AGE!!75 years and over"
"S2301_C04_011M","Margin of Error!!Unemployment rate MOE!!Population 16 years and over!!AGE!!75 years and over"
"S2301_C04_011MA","Annotation of Margin of Error!!Unemployment rate MOE!!Population 16 years and over!!AGE!!75 years and over"
"S2301_C04_011EA","Annotation of Estimate!!Unemployment rate!!Population 16 years and over!!AGE!!75 years and over"
"S2301_C04_012E","Estimate!!Unemployment rate!!Population 16 years and over!!RACE AND HISPANIC OR LATINO ORIGIN!!White alone"
"S2301_C04_012M","Margin of Error!!Unemployment rate MOE!!Population 16 years and over!!RACE AND HISPANIC OR LATINO ORIGIN!!White alone"
"S2301_C04_012MA","Annotation of Margin of Error!!Unemployment rate MOE!!Population 16 years and over!!RACE AND HISPANIC OR LATINO ORIGIN!!White alone"
"S2301_C04_012EA","Annotation of Estimate!!Unemployment rate!!Population 16 years and over!!RACE AND HISPANIC OR LATINO ORIGIN!!White alone"
"S2301_C04_013E","Estimate!!Unemployment rate!!Population 16 years and over!!RACE AND HISPANIC OR LATINO ORIGIN!!Black or African American alone"
"S2301_C04_013M","Margin of Error!!Unemployment rate MOE!!Population 16 years and over!!RACE AND HISPANIC OR LATINO ORIGIN!!Black or African American alone"
"S2301_C04_013MA","Annotation of Margin of Error!!Unemployment rate MOE!!Population 16 years and over!!RACE AND HISPANIC OR LATINO ORIGIN!!Black or African American alone"
"S2301_C04_013EA","Annotation of Estimate!!Unemployment rate!!Population 16 years and over!!RACE AND HISPANIC OR LATINO ORIGIN!!Black or African American alone"
"S2301_C04_014E","Estimate!!Unemployment rate!!Population 16 years and over!!RACE AND HISPANIC OR LATINO ORIGIN!!American Indian and Alaska Native alone"
"S2301_C04_014M","Margin of Error!!Unemployment rate MOE!!Population 16 years and over!!RACE AND HISPANIC OR LATINO ORIGIN!!American Indian and Alaska Native alone"
"S2301_C04_014MA","Annotation of Margin of Error!!Unemployment rate MOE!!Population 16 years and over!!RACE AND HISPANIC OR LATINO ORIGIN!!American Indian and Alaska Native alone"
"S2301_C04_014EA","Annotation of Estimate!!Unemployment rate!!Population 16 years and over!!RACE AND HISPANIC OR LATINO ORIGIN!!American Indian and Alaska Native alone"
"S2301_C04_015E","Estimate!!Unemployment rate!!Population 16 years and over!!RACE AND HISPANIC OR LATINO ORIGIN!!Asian alone"
"S2301_C04_015M","Margin of Error!!Unemployment rate MOE!!Population 16 years and over!!RACE AND HISPANIC OR LATINO ORIGIN!!Asian alone"
"S2301_C04_015MA","Annotation of Margin of Error!!Unemployment rate MOE!!Population 16 years and over!!RACE AND HISPANIC OR LATINO ORIGIN!!Asian alone"
"S2301_C04_015EA","Annotation of Estimate!!Unemployment rate!!Population 16 years and over!!RACE AND HISPANIC OR LATINO ORIGIN!!Asian alone"
"S2301_C04_016E","Estimate!!Unemployment rate!!Population 16 years and over!!RACE AND HISPANIC OR LATINO ORIGIN!!Native Hawaiian and Other Pacific Islander alone"
"S2301_C04_016M","Margin of Error!!Unemployment rate MOE!!Population 16 years and over!!RACE AND HISPANIC OR LATINO ORIGIN!!Native Hawaiian and Other Pacific Islander alone"
"S2301_C04_016MA","Annotation of Margin of Error!!Unemployment rate MOE!!Population 16 years and over!!RACE AND HISPANIC OR LATINO ORIGIN!!Native Hawaiian and Other Pacific Islander alone"
"S2301_C04_016EA","Annotation of Estimate!!Unemployment rate!!Population 16 years and over!!RACE AND HISPANIC OR LATINO ORIGIN!!Native Hawaiian and Other Pacific Islander alone"
"S2301_C04_017E","Estimate!!Unemployment rate!!Population 16 years and over!!RACE AND HISPANIC OR LATINO ORIGIN!!Some other race alone"
"S2301_C04_017M","Margin of Error!!Unemployment rate MOE!!Population 16 years and over!!RACE AND HISPANIC OR LATINO ORIGIN!!Some other race alone"
"S2301_C04_017MA","Annotation of Margin of Error!!Unemployment rate MOE!!Population 16 years and over!!RACE AND HISPANIC OR LATINO ORIGIN!!Some other race alone"
"S2301_C04_017EA","Annotation of Estimate!!Unemployment rate!!Population 16 years and over!!RACE AND HISPANIC OR LATINO ORIGIN!!Some other race alone"
"S2301_C04_018E","Estimate!!Unemployment rate!!Population 16 years and over!!RACE AND HISPANIC OR LATINO ORIGIN!!Two or more races"
"S2301_C04_018M","Margin of Error!!Unemployment rate MOE!!Population 16 years and over!!RACE AND HISPANIC OR LATINO ORIGIN!!Two or more races"
"S2301_C04_018MA","Annotation of Margin of Error!!Unemployment rate MOE!!Population 16 years and over!!RACE AND HISPANIC OR LATINO ORIGIN!!Two or more races"
"S2301_C04_018EA","Annotation of Estimate!!Unemployment rate!!Population 16 years and over!!RACE AND HISPANIC OR LATINO ORIGIN!!Two or more races"
"S2301_C04_019E","Estimate!!Unemployment rate!!Population 16 years and over!!RACE AND HISPANIC OR LATINO ORIGIN!!Hispanic or Latino origin (of any race)"
"S2301_C04_019M","Margin of Error!!Unemployment rate MOE!!Population 16 years and over!!RACE AND HISPANIC OR LATINO ORIGIN!!Hispanic or Latino origin (of any race)"
"S2301_C04_019MA","Annotation of Margin of Error!!Unemployment rate MOE!!Population 16 years and over!!RACE AND HISPANIC OR LATINO ORIGIN!!Hispanic or Latino origin (of any race)"
"S2301_C04_019EA","Annotation of Estimate!!Unemployment rate!!Population 16 years and over!!RACE AND HISPANIC OR LATINO ORIGIN!!Hispanic or Latino origin (of any race)"
"S2301_C04_020E","Estimate!!Unemployment rate!!Population 16 years and over!!RACE AND HISPANIC OR LATINO ORIGIN!!White alone, not Hispanic or Latino"
"S2301_C04_020M","Margin of Error!!Unemployment rate MOE!!Population 16 years and over!!RACE AND HISPANIC OR LATINO ORIGIN!!White alone, not Hispanic or Latino"
"S2301_C04_020MA","Annotation of Margin of Error!!Unemployment rate MOE!!Population 16 years and over!!RACE AND HISPANIC OR LATINO ORIGIN!!White alone, not Hispanic or Latino"
"S2301_C04_020EA","Annotation of Estimate!!Unemployment rate!!Population 16 years and over!!RACE AND HISPANIC OR LATINO ORIGIN!!White alone, not Hispanic or Latino"
"S2301_C04_021E","Estimate!!Unemployment rate!!Population 20 to 64 years"
"S2301_C04_021M","Margin of Error!!Unemployment rate MOE!!Population 20 to 64 years"
"S2301_C04_021MA","Annotation of Margin of Error!!Unemployment rate MOE!!Population 20 to 64 years"
"S2301_C04_021EA","Annotation of Estimate!!Unemployment rate!!Population 20 to 64 years"
"S2301_C04_022E","Estimate!!Unemployment rate!!Population 20 to 64 years!!SEX!!Male"
"S2301_C04_022M","Margin of Error!!Unemployment rate MOE!!Population 20 to 64 years!!SEX!!Male"
"S2301_C04_022MA","Annotation of Margin of Error!!Unemployment rate MOE!!Population 20 to 64 years!!SEX!!Male"
"S2301_C04_022EA","Annotation of Estimate!!Unemployment rate!!Population 20 to 64 years!!SEX!!Male"
"S2301_C04_023E","Estimate!!Unemployment rate!!Population 20 to 64 years!!SEX!!Female"
"S2301_C04_023M","Margin of Error!!Unemployment rate MOE!!Population 20 to 64 years!!SEX!!Female"
"S2301_C04_023MA","Annotation of Margin of Error!!Unemployment rate MOE!!Population 20 to 64 years!!SEX!!Female"
"S2301_C04_023EA","Annotation of Estimate!!Unemployment rate!!Population 20 to 64 years!!SEX!!Female"
"S2301_C04_024E","Estimate!!Unemployment rate!!Population 20 to 64 years!!SEX!!Female!!With own children under 18 years"
"S2301_C04_024EA","Annotation of Estimate!!Unemployment rate!!Population 20 to 64 years!!SEX!!Female!!With own children under 18 years"
"S2301_C04_024M","Margin of Error!!Unemployment rate MOE!!Population 20 to 64 years!!SEX!!Female!!With own children under 18 years"
"S2301_C04_024MA","Annotation of Margin of Error!!Unemployment rate MOE!!Population 20 to 64 years!!SEX!!Female!!With own children under 18 years"
"S2301_C04_025E","Estimate!!Unemployment rate!!Population 20 to 64 years!!SEX!!Female!!With own children under 18 years!!With own children under 6 years only"
"S2301_C04_025M","Margin of Error!!Unemployment rate MOE!!Population 20 to 64 years!!SEX!!Female!!With own children under 18 years!!With own children under 6 years only"
"S2301_C04_025MA","Annotation of Margin of Error!!Unemployment rate MOE!!Population 20 to 64 years!!SEX!!Female!!With own children under 18 years!!With own children under 6 years only"
"S2301_C04_025EA","Annotation of Estimate!!Unemployment rate!!Population 20 to 64 years!!SEX!!Female!!With own children under 18 years!!With own children under 6 years only"
"S2301_C04_026E","Estimate!!Unemployment rate!!Population 20 to 64 years!!SEX!!Female!!With own children under 18 years!!With own children under 6 years and 6 to 17 years"
"S2301_C04_026EA","Annotation of Estimate!!Unemployment rate!!Population 20 to 64 years!!SEX!!Female!!With own children under 18 years!!With own children under 6 years and 6 to 17 years"
"S2301_C04_026M","Margin of Error!!Unemployment rate MOE!!Population 20 to 64 years!!SEX!!Female!!With own children under 18 years!!With own children under 6 years and 6 to 17 years"
"S2301_C04_026MA","Annotation of Margin of Error!!Unemployment rate MOE!!Population 20 to 64 years!!SEX!!Female!!With own children under 18 years!!With own children under 6 years and 6 to 17 years"
"S2301_C04_027E","Estimate!!Unemployment rate!!Population 20 to 64 years!!SEX!!Female!!With own children under 18 years!!With own children under 6 to 17 years only"
"S2301_C04_027M","Margin of Error!!Unemployment rate MOE!!Population 20 to 64 years!!SEX!!Female!!With own children under 18 years!!With own children under 6 to 17 years only"
"S2301_C04_027MA","Annotation of Margin of Error!!Unemployment rate MOE!!Population 20 to 64 years!!SEX!!Female!!With own children under 18 years!!With own children under 6 to 17 years only"
"S2301_C04_027EA","Annotation of Estimate!!Unemployment rate!!Population 20 to 64 years!!SEX!!Female!!With own children under 18 years!!With own children under 6 to 17 years only"
"S2301_C04_028E","Estimate!!Unemployment rate!!Population 20 to 64 years!!POVERTY STATUS IN THE PAST 12 MONTHS!!Below poverty level"
"S2301_C04_028M","Margin of Error!!Unemployment rate MOE!!Population 20 to 64 years!!POVERTY STATUS IN THE PAST 12 MONTHS!!Below poverty level"
"S2301_C04_028MA","Annotation of Margin of Error!!Unemployment rate MOE!!Population 20 to 64 years!!POVERTY STATUS IN THE PAST 12 MONTHS!!Below poverty level"
"S2301_C04_028EA","Annotation of Estimate!!Unemployment rate!!Population 20 to 64 years!!POVERTY STATUS IN THE PAST 12 MONTHS!!Below poverty level"
"S2301_C04_029E","Estimate!!Unemployment rate!!Population 20 to 64 years!!POVERTY STATUS IN THE PAST 12 MONTHS!!At or above the poverty level"
"S2301_C04_029M","Margin of Error!!Unemployment rate MOE!!Population 20 to 64 years!!POVERTY STATUS IN THE PAST 12 MONTHS!!At or above the poverty level"
"S2301_C04_029MA","Annotation of Margin of Error!!Unemployment rate MOE!!Population 20 to 64 years!!POVERTY STATUS IN THE PAST 12 MONTHS!!At or above the poverty level"
"S2301_C04_029EA","Annotation of Estimate!!Unemployment rate!!Population 20 to 64 years!!POVERTY STATUS IN THE PAST 12 MONTHS!!At or above the poverty level"
"S2301_C04_030E","Estimate!!Unemployment rate!!Population 20 to 64 years!!DISABILITY STATUS!!With any disability"
"S2301_C04_030M","Margin of Error!!Unemployment rate MOE!!Population 20 to 64 years!!DISABILITY STATUS!!With any disability"
"S2301_C04_030MA","Annotation of Margin of Error!!Unemployment rate MOE!!Population 20 to 64 years!!DISABILITY STATUS!!With any disability"
"S2301_C04_030EA","Annotation of Estimate!!Unemployment rate!!Population 20 to 64 years!!DISABILITY STATUS!!With any disability"
"S2301_C04_031E","Estimate!!Unemployment rate!!EDUCATIONAL ATTAINMENT!!Population 25 to 64 years"
"S2301_C04_031M","Margin of Error!!Unemployment rate MOE!!EDUCATIONAL ATTAINMENT!!Population 25 to 64 years"
"S2301_C04_031MA","Annotation of Margin of Error!!Unemployment rate MOE!!EDUCATIONAL ATTAINMENT!!Population 25 to 64 years"
"S2301_C04_031EA","Annotation of Estimate!!Unemployment rate!!EDUCATIONAL ATTAINMENT!!Population 25 to 64 years"
"S2301_C04_032E","Estimate!!Unemployment rate!!EDUCATIONAL ATTAINMENT!!Population 25 to 64 years!!Less than high school graduate"
"S2301_C04_032M","Margin of Error!!Unemployment rate MOE!!EDUCATIONAL ATTAINMENT!!Population 25 to 64 years!!Less than high school graduate"
"S2301_C04_032MA","Annotation of Margin of Error!!Unemployment rate MOE!!EDUCATIONAL ATTAINMENT!!Population 25 to 64 years!!Less than high school graduate"
"S2301_C04_032EA","Annotation of Estimate!!Unemployment rate!!EDUCATIONAL ATTAINMENT!!Population 25 to 64 years!!Less than high school graduate"
"S2301_C04_033E","Estimate!!Unemployment rate!!EDUCATIONAL ATTAINMENT!!Population 25 to 64 years!!High school graduate (includes equivalency)"
"S2301_C04_033M","Margin of Error!!Unemployment rate MOE!!EDUCATIONAL ATTAINMENT!!Population 25 to 64 years!!High school graduate (includes equivalency)"
"S2301_C04_033MA","Annotation of Margin of Error!!Unemployment rate MOE!!EDUCATIONAL ATTAINMENT!!Population 25 to 64 years!!High school graduate (includes equivalency)"
"S2301_C04_033EA","Annotation of Estimate!!Unemployment rate!!EDUCATIONAL ATTAINMENT!!Population 25 to 64 years!!High school graduate (includes equivalency)"
"S2301_C04_034E","Estimate!!Unemployment rate!!EDUCATIONAL ATTAINMENT!!Population 25 to 64 years!!Some college or associate's degree"
"S2301_C04_034M","Margin of Error!!Unemployment rate MOE!!EDUCATIONAL ATTAINMENT!!Population 25 to 64 years!!Some college or associate's degree"
"S2301_C04_034MA","Annotation of Margin of Error!!Unemployment rate MOE!!EDUCATIONAL ATTAINMENT!!Population 25 to 64 years!!Some college or associate's degree"
"S2301_C04_034EA","Annotation of Estimate!!Unemployment rate!!EDUCATIONAL ATTAINMENT!!Population 25 to 64 years!!Some college or associate's degree"
"S2301_C04_035E","Estimate!!Unemployment rate!!EDUCATIONAL ATTAINMENT!!Population 25 to 64 years!!Bachelor's degree or higher"
"S2301_C04_035M","Margin of Error!!Unemployment rate MOE!!EDUCATIONAL ATTAINMENT!!Population 25 to 64 years!!Bachelor's degree or higher"
"S2301_C04_035MA","Annotation of Margin of Error!!Unemployment rate MOE!!EDUCATIONAL ATTAINMENT!!Population 25 to 64 years!!Bachelor's degree or higher"
"S2301_C04_035EA","Annotation of Estimate!!Unemployment rate!!EDUCATIONAL ATTAINMENT!!Population 25 to 64 years!!Bachelor's degree or higher"
